-- MariaDB dump 10.19-11.2.3-MariaDB, for debian-linux-gnu (x86_64)
--
-- Host: localhost    Database: farmily_test
-- ------------------------------------------------------
-- Server version	11.2.3-MariaDB-1:11.2.3+maria~ubu2204

/*!40101 SET @OLD_CHARACTER_SET_CLIENT=@@CHARACTER_SET_CLIENT */;
/*!40101 SET @OLD_CHARACTER_SET_RESULTS=@@CHARACTER_SET_RESULTS */;
/*!40101 SET @OLD_COLLATION_CONNECTION=@@COLLATION_CONNECTION */;
/*!40101 SET NAMES utf8mb4 */;
/*!40103 SET @OLD_TIME_ZONE=@@TIME_ZONE */;
/*!40103 SET TIME_ZONE='+00:00' */;
/*!40014 SET @OLD_UNIQUE_CHECKS=@@UNIQUE_CHECKS, UNIQUE_CHECKS=0 */;
/*!40014 SET @OLD_FOREIGN_KEY_CHECKS=@@FOREIGN_KEY_CHECKS, FOREIGN_KEY_CHECKS=0 */;
/*!40101 SET @OLD_SQL_MODE=@@SQL_MODE, SQL_MODE='NO_AUTO_VALUE_ON_ZERO' */;
/*!40111 SET @OLD_SQL_NOTES=@@SQL_NOTES, SQL_NOTES=0 */;

--
-- Table structure for table `achievement_reward_history`
--

DROP TABLE IF EXISTS `achievement_reward_history`;
/*!40101 SET @saved_cs_client     = @@character_set_client */;
/*!40101 SET character_set_client = utf8 */;
CREATE TABLE `achievement_reward_history` (
  `id` bigint(20) NOT NULL AUTO_INCREMENT,
  `created_at` datetime(6) DEFAULT NULL,
  `last_edited_at` datetime(6) DEFAULT NULL,
  `achievement` varchar(32) DEFAULT NULL,
  `family_id` bigint(20) DEFAULT NULL,
  PRIMARY KEY (`id`),
  KEY `FKps3vkn4jpb1o51l3rhn3il5fx` (`family_id`),
  CONSTRAINT `FKps3vkn4jpb1o51l3rhn3il5fx` FOREIGN KEY (`family_id`) REFERENCES `family` (`id`)
) ENGINE=InnoDB AUTO_INCREMENT=15 DEFAULT CHARSET=utf8mb4 COLLATE=utf8mb4_general_ci;
/*!40101 SET character_set_client = @saved_cs_client */;

--
-- Dumping data for table `achievement_reward_history`
--

LOCK TABLES `achievement_reward_history` WRITE;
/*!40000 ALTER TABLE `achievement_reward_history` DISABLE KEYS */;
INSERT INTO `achievement_reward_history` VALUES
(1,'2024-02-14 01:25:03.568357','2024-02-14 01:25:03.568357','DAILY_1',26),
(2,'2024-02-14 03:06:25.438399','2024-02-14 03:06:25.438399','CHALLENGE_1',29),
(3,'2024-02-14 03:12:46.104188','2024-02-14 03:12:46.104188','CHALLENGE_2',29),
(4,'2024-02-14 04:50:46.294064','2024-02-14 04:50:46.294064','CHALLENGE_1',28),
(5,'2024-02-14 04:50:50.265366','2024-02-14 04:50:50.265366','CHALLENGE_2',28),
(6,'2024-02-14 04:50:51.488738','2024-02-14 04:50:51.488738','CHALLENGE_3',28),
(7,'2024-02-15 02:20:40.382936','2024-02-15 02:20:40.382936','DAILY_2',26),
(8,'2024-02-15 05:02:47.877230','2024-02-15 05:02:47.877230','CHALLENGE_1',37),
(9,'2024-02-15 05:02:49.943812','2024-02-15 05:02:49.943812','CHALLENGE_2',37),
(10,'2024-02-15 07:51:25.572696','2024-02-15 07:51:25.572696','CHALLENGE_3',37),
(11,'2024-02-15 07:52:09.116590','2024-02-15 07:52:09.116590','CALENDAR_1',37),
(12,'2024-02-15 07:52:57.480033','2024-02-15 07:52:57.480033','CHALLENGE_4',37),
(13,'2024-02-15 07:52:59.120737','2024-02-15 07:52:59.120737','CHALLENGE_5',37),
(14,'2024-02-16 01:10:00.409254','2024-02-16 01:10:00.409254','CHALLENGE_1',26);
/*!40000 ALTER TABLE `achievement_reward_history` ENABLE KEYS */;
UNLOCK TABLES;

--
-- Table structure for table `calendar_schedule`
--

DROP TABLE IF EXISTS `calendar_schedule`;
/*!40101 SET @saved_cs_client     = @@character_set_client */;
/*!40101 SET character_set_client = utf8 */;
CREATE TABLE `calendar_schedule` (
  `id` bigint(20) NOT NULL AUTO_INCREMENT,
  `created_at` datetime(6) DEFAULT NULL,
  `last_edited_at` datetime(6) DEFAULT NULL,
  `color` char(6) DEFAULT NULL,
  `end_date` date DEFAULT NULL,
  `start_date` date DEFAULT NULL,
  `memo` varchar(16) DEFAULT NULL,
  `family_id` bigint(20) DEFAULT NULL,
  PRIMARY KEY (`id`),
  KEY `FKic05kmn40mxl1dow4un94a787` (`family_id`),
  CONSTRAINT `FKic05kmn40mxl1dow4un94a787` FOREIGN KEY (`family_id`) REFERENCES `family` (`id`)
) ENGINE=InnoDB AUTO_INCREMENT=25 DEFAULT CHARSET=utf8mb4 COLLATE=utf8mb4_general_ci;
/*!40101 SET character_set_client = @saved_cs_client */;

--
-- Dumping data for table `calendar_schedule`
--

LOCK TABLES `calendar_schedule` WRITE;
/*!40000 ALTER TABLE `calendar_schedule` DISABLE KEYS */;
INSERT INTO `calendar_schedule` VALUES
(1,'2024-02-13 06:54:50.418580','2024-02-13 06:54:50.418580','4ADE80','2024-02-24','2024-02-13','내가 만약 괴로울 때면',8),
(2,'2024-02-13 06:55:08.487862','2024-02-13 06:55:08.487862','60A5FA','2024-02-20','2024-02-13','내가',8),
(3,'2024-02-13 06:55:17.472835','2024-02-13 06:55:17.472835','4ADE80','2024-02-22','2024-02-13','위로해줄게',8),
(4,'2024-02-14 00:06:38.067754','2024-02-14 00:06:38.067754','F87171','2024-02-14','2024-02-13','123123',13),
(5,'2024-02-14 00:06:43.130733','2024-02-14 00:06:43.130733','4ADE80','2024-02-24','2024-02-20','123123',13),
(6,'2024-02-14 00:06:49.843592','2024-02-14 00:06:49.843592','4ADE80','2024-02-24','2024-02-16','213',13),
(7,'2024-02-14 03:17:00.755135','2024-02-14 03:17:00.755135','60A5FA','2024-02-17','2024-02-14','배고프다',28),
(8,'2024-02-14 08:06:27.276402','2024-02-14 08:06:27.276402','F87171','2024-02-08','2024-02-07','일정을 공유',26),
(9,'2024-02-15 02:20:07.523039','2024-02-15 02:20:07.523039','4ADE80','2024-02-17','2024-02-16','프로젝트 발표',26),
(10,'2024-02-15 02:20:18.478189','2024-02-15 02:20:18.478189','60A5FA','2024-02-24','2024-02-19','공부',26),
(11,'2024-02-15 03:47:57.004259','2024-02-15 03:47:57.004259','F87171','2024-02-16','2024-02-15','ㅇㅇㅇㅇ',37),
(12,'2024-02-15 03:48:04.648347','2024-02-15 03:48:04.648347','60A5FA','2024-02-29','2024-02-22','ㄴㄴㄴㄴ',37),
(13,'2024-02-15 05:35:49.806166','2024-02-15 05:35:49.806166','60A5FA','2024-02-17','2024-02-16','최종발표',39),
(14,'2024-02-15 06:45:09.220912','2024-02-15 06:45:09.220912','F87171','2024-02-27','2024-02-26','생일',26),
(15,'2024-02-15 07:51:44.358866','2024-02-15 07:51:44.358866','F87171','2024-02-14','2024-02-13','ddd',37),
(16,'2024-02-15 07:51:47.568461','2024-02-15 07:51:47.568461','4ADE80','2024-02-20','2024-02-19','ddd',37),
(17,'2024-02-15 07:51:49.730487','2024-02-15 07:51:49.730487','4ADE80','2024-03-01','2024-02-29','dddd',37),
(18,'2024-02-15 07:51:53.653098','2024-02-15 07:51:53.653098','4ADE80','2024-02-17','2024-02-16',' 발표',37),
(19,'2024-02-15 07:52:02.239415','2024-02-15 07:52:02.239415','F87171','2024-02-07','2024-02-06','ㅁ',37),
(20,'2024-02-15 07:52:04.009020','2024-02-15 07:52:04.009020','F87171','2024-02-06','2024-02-05','ㅇ',37),
(21,'2024-02-15 07:52:05.796169','2024-02-15 07:52:05.796169','F87171','2024-02-09','2024-02-08','ㅇ',37),
(22,'2024-02-15 07:52:07.282895','2024-02-15 07:52:07.282895','F87171','2024-02-10','2024-02-09','ㅇ',37),
(23,'2024-02-16 00:16:19.754521','2024-02-16 00:16:19.754521','60A5FA','2024-02-16','2024-02-15','프로젝트 마무리',26),
(24,'2024-02-16 01:09:38.054603','2024-02-16 01:09:38.054603','60A5FA','2024-02-17','2024-02-16','회식하자',26);
/*!40000 ALTER TABLE `calendar_schedule` ENABLE KEYS */;
UNLOCK TABLES;

--
-- Table structure for table `challenge_progress`
--

DROP TABLE IF EXISTS `challenge_progress`;
/*!40101 SET @saved_cs_client     = @@character_set_client */;
/*!40101 SET character_set_client = utf8 */;
CREATE TABLE `challenge_progress` (
  `id` bigint(20) NOT NULL AUTO_INCREMENT,
  `created_at` datetime(6) DEFAULT NULL,
  `last_edited_at` datetime(6) DEFAULT NULL,
  `date` date DEFAULT NULL,
  `challenge_id` bigint(20) DEFAULT NULL,
  PRIMARY KEY (`id`),
  KEY `FKdthvxbjf83rcjf65ldxq7txwp` (`challenge_id`),
  CONSTRAINT `FKdthvxbjf83rcjf65ldxq7txwp` FOREIGN KEY (`challenge_id`) REFERENCES `challenge_record` (`id`)
) ENGINE=InnoDB AUTO_INCREMENT=36 DEFAULT CHARSET=utf8mb4 COLLATE=utf8mb4_general_ci;
/*!40101 SET character_set_client = @saved_cs_client */;

--
-- Dumping data for table `challenge_progress`
--

LOCK TABLES `challenge_progress` WRITE;
/*!40000 ALTER TABLE `challenge_progress` DISABLE KEYS */;
INSERT INTO `challenge_progress` VALUES
(1,'2024-02-13 23:55:44.523084','2024-02-13 23:55:44.523084','2024-02-13',94),
(2,'2024-02-14 01:54:18.340439','2024-02-14 01:54:18.340439','2024-02-14',151),
(3,'2024-02-14 01:54:20.748547','2024-02-14 01:54:20.748547','2024-02-14',152),
(4,'2024-02-14 01:54:42.798324','2024-02-14 01:54:42.798324','2024-02-14',153),
(5,'2024-02-14 01:54:51.344939','2024-02-14 01:54:51.344939','2024-02-14',154),
(6,'2024-02-14 03:06:52.714155','2024-02-14 03:06:52.714155','2024-02-14',160),
(7,'2024-02-08 00:00:00.000000',NULL,'2024-02-08',164),
(8,'2024-02-09 00:00:00.000000',NULL,'2024-02-09',164),
(9,'2024-02-10 00:00:00.000000',NULL,'2024-02-10',164),
(10,'2024-02-11 00:00:00.000000',NULL,'2024-02-11',164),
(11,'2024-02-12 00:00:00.000000',NULL,'2024-02-12',164),
(12,'2024-02-13 00:00:00.000000',NULL,'2024-02-13',164),
(13,'2024-02-14 05:29:08.430131','2024-02-14 05:29:08.430131','2024-02-14',164),
(14,'2024-02-14 05:43:28.221871','2024-02-14 05:43:28.221871','2024-02-14',166),
(15,'2024-02-14 06:08:50.725401','2024-02-14 06:08:50.725401','2024-02-14',170),
(16,'2024-02-14 15:13:56.156886','2024-02-14 15:13:56.156886','2024-02-14',179),
(17,'2024-02-15 02:08:23.957650','2024-02-15 02:08:23.957650','2024-02-15',166),
(18,'2024-02-15 02:10:41.754995','2024-02-15 02:10:41.754995','2024-02-15',180),
(19,'2024-02-15 02:18:52.653404','2024-02-15 02:18:52.653404','2024-02-15',182),
(20,'2024-02-15 05:01:30.056970','2024-02-15 05:01:30.056970','2024-02-15',190),
(21,'2024-02-15 05:01:56.193529','2024-02-15 05:01:56.193529','2024-02-15',187),
(22,'2024-02-15 05:05:32.846246','2024-02-15 05:05:32.846246','2024-02-15',194),
(23,'2024-02-15 05:05:35.791783','2024-02-15 05:05:35.791783','2024-02-15',193),
(24,'2024-02-15 05:05:38.357267','2024-02-15 05:05:38.357267','2024-02-15',192),
(25,'2024-02-15 05:05:43.817287','2024-02-15 05:05:43.817287','2024-02-15',196),
(26,'2024-02-15 05:09:20.682010','2024-02-15 05:09:20.682010','2024-02-15',170),
(27,'2024-02-15 05:09:55.642410','2024-02-15 05:09:55.642410','2024-02-15',197),
(28,'2024-02-15 06:32:21.839870','2024-02-15 06:32:21.839870','2024-02-15',208),
(29,'2024-02-15 06:32:32.364606','2024-02-15 06:32:32.364606','2024-02-15',209),
(30,'2024-02-15 07:52:18.089149','2024-02-15 07:52:18.089149','2024-02-15',195),
(31,'2024-02-15 07:52:40.830316','2024-02-15 07:52:40.830316','2024-02-15',211),
(32,'2024-02-15 07:52:43.345879','2024-02-15 07:52:43.345879','2024-02-15',213),
(33,'2024-02-15 07:52:53.160181','2024-02-15 07:52:53.160181','2024-02-15',212),
(35,'2024-02-16 01:07:32.285242','2024-02-16 01:07:32.285242','2024-02-16',222);
/*!40000 ALTER TABLE `challenge_progress` ENABLE KEYS */;
UNLOCK TABLES;

--
-- Table structure for table `challenge_record`
--

DROP TABLE IF EXISTS `challenge_record`;
/*!40101 SET @saved_cs_client     = @@character_set_client */;
/*!40101 SET character_set_client = utf8 */;
CREATE TABLE `challenge_record` (
  `end_date` date DEFAULT NULL,
  `start_date` date DEFAULT NULL,
  `is_rewarded` tinyint(1) DEFAULT NULL,
  `id` bigint(20) NOT NULL,
  PRIMARY KEY (`id`),
  CONSTRAINT `FK20pwbp3jhkqjdawn8wcew4d26` FOREIGN KEY (`id`) REFERENCES `record` (`id`)
) ENGINE=InnoDB DEFAULT CHARSET=utf8mb4 COLLATE=utf8mb4_general_ci;
/*!40101 SET character_set_client = @saved_cs_client */;

--
-- Dumping data for table `challenge_record`
--

LOCK TABLES `challenge_record` WRITE;
/*!40000 ALTER TABLE `challenge_record` DISABLE KEYS */;
INSERT INTO `challenge_record` VALUES
('2024-02-14','2024-02-13',0,5),
('2024-02-22','2024-02-13',0,94),
('2024-02-15','2024-02-14',1,151),
('2024-02-15','2024-02-14',1,152),
('2024-02-16','2024-02-14',0,153),
('2024-02-15','2024-02-14',1,154),
('2024-02-15','2024-02-08',0,157),
('2024-02-15','2024-02-14',1,160),
('2024-02-15','2024-02-08',1,164),
('2024-02-16','2024-02-14',1,166),
('2024-02-20','2024-02-14',0,170),
('2024-02-16','2024-02-14',0,179),
('2024-02-17','2024-02-15',0,180),
('2024-02-17','2024-02-15',0,182),
('2024-02-17','2024-02-15',0,184),
('2024-02-16','2024-02-15',1,187),
('2024-02-16','2024-02-15',1,190),
('2024-02-16','2024-02-15',1,192),
('2024-02-16','2024-02-15',1,193),
('2024-02-16','2024-02-15',1,194),
('2024-02-16','2024-02-15',1,195),
('2024-02-16','2024-02-15',1,196),
('2024-02-16','2024-02-15',1,197),
('2024-02-16','2024-02-15',0,198),
('2024-02-16','2024-02-15',1,208),
('2024-02-16','2024-02-15',1,209),
('2024-02-16','2024-02-15',1,211),
('2024-02-16','2024-02-15',1,212),
('2024-02-16','2024-02-15',1,213),
('2024-02-17','2024-02-16',0,222);
/*!40000 ALTER TABLE `challenge_record` ENABLE KEYS */;
UNLOCK TABLES;

--
-- Table structure for table `comment`
--

DROP TABLE IF EXISTS `comment`;
/*!40101 SET @saved_cs_client     = @@character_set_client */;
/*!40101 SET character_set_client = utf8 */;
CREATE TABLE `comment` (
  `id` bigint(20) NOT NULL AUTO_INCREMENT,
  `created_at` datetime(6) DEFAULT NULL,
  `last_edited_at` datetime(6) DEFAULT NULL,
  `content` text DEFAULT NULL,
  `author_id` bigint(20) DEFAULT NULL,
  `record_id` bigint(20) DEFAULT NULL,
  PRIMARY KEY (`id`),
  KEY `FK2bam3knj13ijq6eiskx55xtqh` (`author_id`),
  KEY `FKjxmdtf6tvwiopsrd14muh3kv9` (`record_id`),
  CONSTRAINT `FK2bam3knj13ijq6eiskx55xtqh` FOREIGN KEY (`author_id`) REFERENCES `member` (`id`),
  CONSTRAINT `FKjxmdtf6tvwiopsrd14muh3kv9` FOREIGN KEY (`record_id`) REFERENCES `record` (`id`)
) ENGINE=InnoDB AUTO_INCREMENT=13 DEFAULT CHARSET=utf8mb4 COLLATE=utf8mb4_general_ci;
/*!40101 SET character_set_client = @saved_cs_client */;

--
-- Dumping data for table `comment`
--

LOCK TABLES `comment` WRITE;
/*!40000 ALTER TABLE `comment` DISABLE KEYS */;
INSERT INTO `comment` VALUES
(1,'2024-02-11 12:11:44.200001','2024-02-11 12:11:44.200001','헉\n',1,1),
(2,'2024-02-13 06:29:48.866933','2024-02-13 06:29:48.866933','헬로~',10,6),
(3,'2024-02-13 06:29:54.930305','2024-02-13 06:29:54.930305','ㅋㅋㅋ',1,1),
(4,'2024-02-14 01:49:20.327718','2024-02-14 01:49:20.327718','ㅋㅋ',8,144),
(5,'2024-02-14 03:16:44.253761','2024-02-14 03:16:44.253761','ㅋㅋ',8,162),
(6,'2024-02-14 08:30:41.138934','2024-02-14 08:30:41.138934','zz',9,171),
(7,'2024-02-15 05:42:50.449131','2024-02-15 05:42:50.449131','2313213132',18,205),
(8,'2024-02-15 06:31:51.815377','2024-02-15 06:31:51.815377','오 이건 댓글이 되네요?',1,206),
(9,'2024-02-15 08:00:24.354903','2024-02-15 08:00:24.354903','수빈씨',9,191),
(10,'2024-02-15 08:12:25.917561','2024-02-15 08:12:25.917561','ㅋㅋ',9,189);
/*!40000 ALTER TABLE `comment` ENABLE KEYS */;
UNLOCK TABLES;

--
-- Table structure for table `community_post`
--

DROP TABLE IF EXISTS `community_post`;
/*!40101 SET @saved_cs_client     = @@character_set_client */;
/*!40101 SET character_set_client = utf8 */;
CREATE TABLE `community_post` (
  `id` bigint(20) NOT NULL AUTO_INCREMENT,
  `created_at` datetime(6) DEFAULT NULL,
  `last_edited_at` datetime(6) DEFAULT NULL,
  `content` text DEFAULT NULL,
  `title` varchar(255) DEFAULT NULL,
  `author_id` bigint(20) DEFAULT NULL,
  `tree_image_id` bigint(20) DEFAULT NULL,
  PRIMARY KEY (`id`),
  UNIQUE KEY `UK_842w1t2rud6u7ykoj8etbvile` (`tree_image_id`),
  KEY `FK5fl7jc5o06opoco833oms179p` (`author_id`),
  CONSTRAINT `FK3mk9041b10aopu1uob9i0m1fo` FOREIGN KEY (`tree_image_id`) REFERENCES `image` (`id`),
  CONSTRAINT `FK5fl7jc5o06opoco833oms179p` FOREIGN KEY (`author_id`) REFERENCES `member` (`id`)
) ENGINE=InnoDB AUTO_INCREMENT=65 DEFAULT CHARSET=utf8mb4 COLLATE=utf8mb4_general_ci;
/*!40101 SET character_set_client = @saved_cs_client */;

--
-- Dumping data for table `community_post`
--

LOCK TABLES `community_post` WRITE;
/*!40000 ALTER TABLE `community_post` DISABLE KEYS */;
INSERT INTO `community_post` VALUES
(37,'2024-02-14 00:07:15.046412','2024-02-14 00:07:15.046412','123123','123',8,84),
(38,'2024-02-14 03:13:02.380890','2024-02-14 03:13:02.380890','우리 나무 자랑하기\r\n아직 어린 나무...','커뮤니티 글쓰기',8,127),
(39,'2024-02-14 05:19:17.346120','2024-02-14 05:19:17.346120','123','123',10,145),
(40,'2024-02-14 05:19:28.381018','2024-02-14 05:19:28.381018','팬이에요','소통해요',10,146),
(41,'2024-02-14 05:19:43.085512','2024-02-14 05:19:43.085512','되어','먼지가',10,147),
(42,'2024-02-14 06:06:50.801626','2024-02-14 06:06:50.801626','되나요','무한스크롤',8,151),
(43,'2024-02-14 06:07:37.639155','2024-02-14 06:07:37.639155','춘식','춘식',9,152),
(44,'2024-02-14 06:08:33.648932','2024-02-14 06:08:33.648932','테스트','스크롤',8,153),
(45,'2024-02-14 06:09:46.751272','2024-02-14 06:09:46.751272','ㅁ','ㅁ',8,154),
(46,'2024-02-14 06:09:54.308660','2024-02-14 06:09:54.308660','나무입니다.','우리가족 나무',9,155),
(47,'2024-02-14 06:10:31.744587','2024-02-14 06:10:31.744587','ㅁ','나무 테스트',8,156),
(48,'2024-02-14 06:10:45.811447','2024-02-14 06:10:45.811447','ㅁㅁ','무한 스크롤 테스트',8,159),
(49,'2024-02-14 06:10:59.809670','2024-02-14 06:10:59.809670','ㅁㅁ','스크롤 테스트',8,160),
(50,'2024-02-14 06:11:15.434990','2024-02-14 06:11:15.434990','나무','나무',8,161),
(51,'2024-02-14 06:11:24.890687','2024-02-14 06:11:24.890687','나무','나무',8,162),
(52,'2024-02-14 06:11:36.899109','2024-02-14 06:11:36.899109','나무','나무',8,163),
(53,'2024-02-14 08:29:56.770867','2024-02-14 08:29:56.770867','ㅇㅈ? ㅇ ㅇㅈ~~','집가고싶다',1,166),
(54,'2024-02-14 08:32:42.255058','2024-02-14 08:32:42.255058','안녕하세요 여러분들도 해보세요','저는 하남자입니다.',1,167),
(55,'2024-02-14 08:33:22.874095','2024-02-14 08:33:22.874095','신기하죠?','제 노트북입니다',1,168),
(56,'2024-02-14 08:35:04.107102','2024-02-14 08:35:04.107102','에 가고싶다','집',9,169),
(57,'2024-02-15 02:12:47.821828','2024-02-15 02:12:47.821828','우리나무 보고가세요','나무자랑...',8,173),
(58,'2024-02-15 03:37:42.237285','2024-02-15 03:37:42.237285','목살 필라프입니다.','오늘 점심은',9,175),
(59,'2024-02-15 05:35:23.778965','2024-02-15 05:35:23.778965','반갑습니다','안녕하세요',18,187),
(60,'2024-02-15 05:35:29.705633','2024-02-15 05:35:29.705633','이게 아닌데...','사실상 자유게시판',17,188),
(61,'2024-02-15 06:31:01.020116','2024-02-15 06:31:01.020116','내 차례는 언제 오는걸까..','병원 진료를 기다리는 나 ',1,191),
(62,'2024-02-15 07:54:58.329984','2024-02-15 07:54:58.329984','오렌지 광인입니다','나의 미친 오렌지나무',16,198),
(63,'2024-02-15 08:15:24.721688','2024-02-15 08:15:24.721688','ㄱㄱ','집',9,199),
(64,'2024-02-15 23:37:36.803387','2024-02-15 23:37:36.803387','한잔해~','그래도 전부 잘 됐잖아~',2,215);
/*!40000 ALTER TABLE `community_post` ENABLE KEYS */;
UNLOCK TABLES;

--
-- Table structure for table `family`
--

DROP TABLE IF EXISTS `family`;
/*!40101 SET @saved_cs_client     = @@character_set_client */;
/*!40101 SET character_set_client = utf8 */;
CREATE TABLE `family` (
  `id` bigint(20) NOT NULL AUTO_INCREMENT,
  `created_at` datetime(6) DEFAULT NULL,
  `last_edited_at` datetime(6) DEFAULT NULL,
  `invitation_code` varchar(255) DEFAULT NULL,
  `motto` varchar(255) DEFAULT NULL,
  `name` varchar(255) DEFAULT NULL,
  `point` int(11) DEFAULT NULL,
  `image_id` bigint(20) DEFAULT NULL,
  PRIMARY KEY (`id`),
  UNIQUE KEY `UK_29644wrp69tu2lplnbmowdoy6` (`image_id`),
  CONSTRAINT `FK2da5arpuwny25jy0vfr07wqqt` FOREIGN KEY (`image_id`) REFERENCES `image` (`id`)
) ENGINE=InnoDB AUTO_INCREMENT=43 DEFAULT CHARSET=utf8mb4 COLLATE=utf8mb4_general_ci;
/*!40101 SET character_set_client = @saved_cs_client */;

--
-- Dumping data for table `family`
--

LOCK TABLES `family` WRITE;
/*!40000 ALTER TABLE `family` DISABLE KEYS */;
INSERT INTO `family` VALUES
(1,'2024-02-09 06:33:03.599632','2024-02-13 08:36:52.765645','9d912f81-7998-4a93-bf2b-484835c7a93c','하이하이','군중속의고독',0,45),
(2,'2024-02-09 08:15:39.871740','2024-02-09 08:15:39.871740','ade1d8b6-2e1d-4b50-8c6e-fb5b005368e0','tt','test',0,5),
(3,'2024-02-12 14:35:19.226739','2024-02-12 14:35:19.226739','1648d00b-053c-4058-933d-25a90a3c4390','testmotto','seojunha',0,9),
(4,'2024-02-13 00:08:28.983261','2024-02-13 00:08:28.983261','6596444c-d673-445e-a6c4-6fcd9b8b08da','motto','sjhfamily',0,12),
(5,'2024-02-13 02:20:30.157668','2024-02-13 02:20:30.157668','00487cb2-ab02-4872-9757-4fbbf35a5a72','123123','123',0,16),
(6,'2024-02-13 02:20:58.556065','2024-02-13 02:20:58.556065','9b1b58b9-1e70-498c-aeb3-ba76ac6e996f','춘식하게 살자!','춘식이네',0,18),
(7,'2024-02-13 02:31:10.506863','2024-02-13 02:31:10.506863','ad1da23d-f3dc-4db8-afc6-9ff1a85390a6','집 나가면 개고생','집가고싶다',0,19),
(8,'2024-02-13 03:01:30.954510','2024-02-13 15:45:51.134509','cede0533-9849-4467-9aad-157fabf94d84','가가훈훈','서핸슥가족',9699,46),
(9,'2024-02-13 03:03:16.235514','2024-02-13 03:03:16.235514','c9bb93e3-192f-4f87-b81c-c579069783cc','가족','테스트',0,22),
(10,'2024-02-13 05:12:28.075611','2024-02-13 05:12:28.075611','315efb62-9802-4bc7-a8a8-8abb1df0c539','한번에 두마리','일석이조',0,23),
(11,'2024-02-13 05:13:46.004687','2024-02-13 05:13:46.004687','adc20a55-b1b3-432b-b294-f62c7b2de7e4','뭘 그렇게 대단한 걸 하자고 사는 건 아니고','파밀리',0,24),
(12,'2024-02-13 06:28:34.973764','2024-02-13 06:28:34.973764','883cc2b8-12f0-4ff1-b02d-44ce151dedb8','asdf','asdf',0,26),
(13,'2024-02-13 06:30:03.987107','2024-02-13 06:30:03.987107','97f005cb-e642-4ad7-b79b-9510bd87026b','ㅁㄴㅇㅁㄴㅇ','ㅁㄴㅇㅁㄴㅇ',0,27),
(14,'2024-02-13 06:31:18.613745','2024-02-13 06:31:18.613745','40daa81c-cc73-4ec5-9391-634fa9e0f4ee','asdf','asdrf',0,28),
(15,'2024-02-13 06:32:16.017451','2024-02-13 06:32:16.017451','4cc7788a-eaa8-40f0-b873-8cde80bee73c','321','123',0,32),
(16,'2024-02-13 06:49:31.061582','2024-02-13 06:49:31.061582','1c8f2408-c395-4d6d-b156-5ce408011841','ㅁㄴㅇㄹ','ㅁㅁㄱ',0,35),
(17,'2024-02-13 06:52:31.443209','2024-02-13 06:52:31.443209','08d2696d-c7ff-4c31-a241-5e03d0609e36','22','11',0,36),
(18,'2024-02-13 08:23:58.359728','2024-02-13 08:36:21.624309','a2f25da9-3c0e-449c-82b3-3acac4347fca','123','123',0,42),
(19,'2024-02-13 13:43:27.956502','2024-02-13 13:43:27.956502','95a2005d-431a-423d-adc9-8bca0d03a5b7','ee','ee',0,49),
(20,'2024-02-13 13:56:47.202813','2024-02-13 13:56:47.202813','c3d5a12b-2e03-4632-aca4-031aa431a63f','test','test',0,50),
(21,'2024-02-13 14:16:24.175552','2024-02-13 14:16:24.175552','57572a25-b926-4976-843f-46cf3e33ec0e','dddd','dddwqd',0,59),
(22,'2024-02-13 14:27:30.339645','2024-02-13 14:27:30.339645','4d7268cd-f2d5-4c78-8da5-5e33460ccb64','ddd','ddd',0,60),
(23,'2024-02-13 14:47:31.125484','2024-02-13 14:47:31.125484','281276b4-8746-4f1b-a526-58daa480ecf4','asdfasdf','adfas',0,61),
(24,'2024-02-13 15:48:51.014613','2024-02-13 15:49:50.659019','721d14c7-b0ce-4b76-9d5d-04d11adf5fb7','오늘 밤 사냥을 나선다','새벽가족',9699,71),
(25,'2024-02-13 16:09:55.043296','2024-02-13 16:09:55.043296','2799d3f0-0038-4723-abad-06d77b140fde','ㅎㅇ','ㅎㅇ',0,79),
(26,'2024-02-14 00:01:37.035816','2024-02-16 01:10:00.406349','b13a75bf-7922-4b4a-9911-42c1a5955b46','뭘 그렇게 대단한 걸 하려고 사는 건 아니고','파밀리가족',9439,124),
(27,'2024-02-14 00:02:16.542445','2024-02-14 00:02:16.542445','2abda2e0-a390-4eb8-9983-17f39859e583','가훈이 뭘까','일석이조가족',0,83),
(28,'2024-02-14 01:48:51.339587','2024-02-14 04:50:51.486450','9b60250d-c013-49de-b468-d23e87d8482b','테스트가훈','사진테스트',60,107),
(29,'2024-02-14 01:51:27.645855','2024-02-14 03:12:46.096906','37f6918a-f229-432d-a50a-bdf7c4c33914','가족입니다!','춘식라이언',30,119),
(30,'2024-02-14 03:04:18.931348','2024-02-14 03:04:18.931348','67c9d886-7cb1-4761-a0cf-c8f02da35904','testtesttesttesttesttesttesttesttesttesttesttesttesttesttesttesttesttesttesttesttesttesttesttesttesttesttesttesttesttesttesttesttesttesttesttesttesttesttesttesttesttesttesttesttesttesttesttesttesttesttesttesttesttesttesttesttesttest','test',0,126),
(31,'2024-02-14 05:29:16.528618','2024-02-14 05:29:16.528618','44130cc7-0ddc-461a-997a-582307ca40d3','오리오리가오리','가오리',0,149),
(32,'2024-02-14 06:05:52.853000','2024-02-14 13:05:08.392005','6f07f0f1-e6ac-42e3-8310-48c1932db51c','화이팅 ~ !','라춘',0,150),
(33,'2024-02-14 08:12:13.289425','2024-02-14 08:12:13.289425','70eab379-5ee7-43f6-ba41-b170acc010e5','코치가 코치했다','코치',0,164),
(34,'2024-02-14 08:25:58.309398','2024-02-14 08:25:58.309398','f40413cd-68ea-4a49-a816-9965a74d139e','행복하자','우리가족',0,165),
(35,'2024-02-14 15:12:17.722530','2024-02-14 15:12:17.722530','2f3a01ab-8fd2-4f9c-889a-ed02441f7b80','testesetsetes','testestestes',0,170),
(36,'2024-02-15 01:55:12.654623','2024-02-15 01:55:12.654623','39b4ae02-235d-41ac-a676-d4874bafba05','confer','confer',0,172),
(37,'2024-02-15 03:46:28.237199','2024-02-15 07:57:26.631057','ce5e5667-f675-4dcb-9f12-0506fb8c0f90','화이팅!!^^','박수빈짱짱가족',60,177),
(38,'2024-02-15 05:09:42.971006','2024-02-15 05:09:42.971006','7e2c88e0-f6a9-46b3-8ffa-5dc2db7c157c','cc','cc',0,182),
(39,'2024-02-15 05:33:27.120229','2024-02-15 05:33:27.120229','87aecc9d-329f-4d4e-b7b8-92ed386bf707','아무것도안함','고양이',0,184),
(40,'2024-02-15 06:29:44.393978','2024-02-15 06:29:44.393978','9e861ea1-d1ec-4a4d-a622-8ef691fbc8c9','싸우지말자제발','화목한우리집',0,190),
(41,'2024-02-15 18:06:47.194852','2024-02-15 18:06:47.194852','09c35563-4d8c-490b-9a91-70c957b55896','asdqwer','asdqwer',0,214),
(42,'2024-02-16 01:14:03.317224','2024-02-16 01:14:03.317224','da6990e1-b11a-48ca-82c8-df0299d6ccaa','가족사랑','가조쿠',0,228);
/*!40000 ALTER TABLE `family` ENABLE KEYS */;
UNLOCK TABLES;

--
-- Table structure for table `family_fruit_skins`
--

DROP TABLE IF EXISTS `family_fruit_skins`;
/*!40101 SET @saved_cs_client     = @@character_set_client */;
/*!40101 SET character_set_client = utf8 */;
CREATE TABLE `family_fruit_skins` (
  `id` bigint(20) NOT NULL,
  `challenge` varchar(32) DEFAULT NULL,
  `daily` varchar(32) DEFAULT NULL,
  `event` varchar(32) DEFAULT NULL,
  PRIMARY KEY (`id`),
  CONSTRAINT `FKcu0ki4x3c4lbqnkdehkeq67t8` FOREIGN KEY (`id`) REFERENCES `family` (`id`)
) ENGINE=InnoDB DEFAULT CHARSET=utf8mb4 COLLATE=utf8mb4_general_ci;
/*!40101 SET character_set_client = @saved_cs_client */;

--
-- Dumping data for table `family_fruit_skins`
--

LOCK TABLES `family_fruit_skins` WRITE;
/*!40000 ALTER TABLE `family_fruit_skins` DISABLE KEYS */;
INSERT INTO `family_fruit_skins` VALUES
(1,'ALPHABET_B','ALPHABET_A','ALPHABET_C'),
(2,'ALPHABET_B','ALPHABET_A','ALPHABET_C'),
(3,'ALPHABET_B','ALPHABET_A','ALPHABET_C'),
(4,'ALPHABET_B','ALPHABET_A','ALPHABET_C'),
(5,'ALPHABET_B','ALPHABET_A','ALPHABET_C'),
(6,'ALPHABET_B','ALPHABET_A','ALPHABET_C'),
(7,'ALPHABET_B','ALPHABET_A','ALPHABET_C'),
(8,'ALPHABET_L','ALPHABET_B','ALPHABET_O'),
(9,'ALPHABET_B','ALPHABET_A','ALPHABET_C'),
(10,'ALPHABET_B','ALPHABET_A','ALPHABET_C'),
(11,'ALPHABET_B','ALPHABET_A','ALPHABET_C'),
(12,'ALPHABET_B','ALPHABET_A','ALPHABET_C'),
(13,'ALPHABET_B','ALPHABET_A','ALPHABET_C'),
(14,'ALPHABET_B','ALPHABET_A','ALPHABET_C'),
(15,'ALPHABET_B','ALPHABET_A','ALPHABET_C'),
(16,'ALPHABET_B','ALPHABET_A','ALPHABET_C'),
(17,'ALPHABET_B','ALPHABET_A','ALPHABET_C'),
(18,'ALPHABET_B','ALPHABET_A','ALPHABET_C'),
(19,'ALPHABET_B','ALPHABET_A','ALPHABET_C'),
(20,'ALPHABET_B','ALPHABET_A','ALPHABET_C'),
(21,'ALPHABET_B','ALPHABET_A','ALPHABET_C'),
(22,'ALPHABET_B','ALPHABET_A','ALPHABET_C'),
(23,'ALPHABET_B','ALPHABET_A','ALPHABET_C'),
(24,'ALPHABET_B','ALPHABET_A','ALPHABET_C'),
(25,'ALPHABET_B','ALPHABET_A','ALPHABET_C'),
(26,'ALPHABET_D','ALPHABET_K','ALPHABET_I'),
(27,'ALPHABET_B','ALPHABET_A','ALPHABET_C'),
(28,'ALPHABET_B','ALPHABET_A','ALPHABET_C'),
(29,'ALPHABET_B','ALPHABET_A','ALPHABET_C'),
(30,'ALPHABET_B','ALPHABET_A','ALPHABET_C'),
(31,'ALPHABET_B','ALPHABET_A','ALPHABET_C'),
(32,'ALPHABET_B','ALPHABET_A','ALPHABET_C'),
(33,'ALPHABET_B','ALPHABET_A','ALPHABET_C'),
(34,'ALPHABET_B','ALPHABET_A','ALPHABET_C'),
(35,'ALPHABET_B','ALPHABET_A','ALPHABET_C'),
(36,'ALPHABET_B','ALPHABET_A','ALPHABET_C'),
(37,'ALPHABET_C','ALPHABET_A','ALPHABET_G'),
(38,'ALPHABET_B','ALPHABET_A','ALPHABET_C'),
(39,'ALPHABET_B','ALPHABET_A','ALPHABET_C'),
(40,'ALPHABET_B','ALPHABET_A','ALPHABET_C'),
(41,'ALPHABET_B','ALPHABET_A','ALPHABET_C'),
(42,'ALPHABET_B','ALPHABET_A','ALPHABET_C');
/*!40000 ALTER TABLE `family_fruit_skins` ENABLE KEYS */;
UNLOCK TABLES;

--
-- Table structure for table `family_item`
--

DROP TABLE IF EXISTS `family_item`;
/*!40101 SET @saved_cs_client     = @@character_set_client */;
/*!40101 SET character_set_client = utf8 */;
CREATE TABLE `family_item` (
  `id` bigint(20) NOT NULL AUTO_INCREMENT,
  `created_at` datetime(6) DEFAULT NULL,
  `last_edited_at` datetime(6) DEFAULT NULL,
  `code` varchar(32) DEFAULT NULL,
  `type` varchar(32) DEFAULT NULL,
  `family_id` bigint(20) DEFAULT NULL,
  PRIMARY KEY (`id`),
  KEY `FK4vb589y8voud07haukc8n1bok` (`family_id`),
  CONSTRAINT `FK4vb589y8voud07haukc8n1bok` FOREIGN KEY (`family_id`) REFERENCES `family` (`id`)
) ENGINE=InnoDB AUTO_INCREMENT=107 DEFAULT CHARSET=utf8mb4 COLLATE=utf8mb4_general_ci;
/*!40101 SET character_set_client = @saved_cs_client */;

--
-- Dumping data for table `family_item`
--

LOCK TABLES `family_item` WRITE;
/*!40000 ALTER TABLE `family_item` DISABLE KEYS */;
INSERT INTO `family_item` VALUES
(1,'2024-02-13 06:28:34.995455','2024-02-13 06:28:34.995455','ALPHABET_A','ACCESSORY',12),
(2,'2024-02-13 06:28:34.998758','2024-02-13 06:28:34.998758','ALPHABET_B','ACCESSORY',12),
(3,'2024-02-13 06:28:35.000044','2024-02-13 06:28:35.000044','ALPHABET_C','ACCESSORY',12),
(4,'2024-02-13 06:30:03.995129','2024-02-13 06:30:03.995129','ALPHABET_A','ACCESSORY',13),
(5,'2024-02-13 06:30:03.996470','2024-02-13 06:30:03.996470','ALPHABET_B','ACCESSORY',13),
(6,'2024-02-13 06:30:03.997389','2024-02-13 06:30:03.997389','ALPHABET_C','ACCESSORY',13),
(7,'2024-02-13 06:31:18.619571','2024-02-13 06:31:18.619571','ALPHABET_A','ACCESSORY',14),
(8,'2024-02-13 06:31:18.623875','2024-02-13 06:31:18.623875','ALPHABET_B','ACCESSORY',14),
(9,'2024-02-13 06:31:18.625067','2024-02-13 06:31:18.625067','ALPHABET_C','ACCESSORY',14),
(10,'2024-02-13 06:32:16.023973','2024-02-13 06:32:16.023973','ALPHABET_A','ACCESSORY',15),
(11,'2024-02-13 06:32:16.025166','2024-02-13 06:32:16.025166','ALPHABET_B','ACCESSORY',15),
(12,'2024-02-13 06:32:16.026059','2024-02-13 06:32:16.026059','ALPHABET_C','ACCESSORY',15),
(13,'2024-02-13 06:49:31.083133','2024-02-13 06:49:31.083133','ALPHABET_A','ACCESSORY',16),
(14,'2024-02-13 06:49:31.086847','2024-02-13 06:49:31.086847','ALPHABET_B','ACCESSORY',16),
(15,'2024-02-13 06:49:31.087751','2024-02-13 06:49:31.087751','ALPHABET_C','ACCESSORY',16),
(16,'2024-02-13 06:52:31.451862','2024-02-13 06:52:31.451862','ALPHABET_A','ACCESSORY',17),
(17,'2024-02-13 06:52:31.454638','2024-02-13 06:52:31.454638','ALPHABET_B','ACCESSORY',17),
(18,'2024-02-13 06:52:31.455541','2024-02-13 06:52:31.455541','ALPHABET_C','ACCESSORY',17),
(19,'2024-02-13 08:23:58.365864','2024-02-13 08:23:58.365864','ALPHABET_A','ACCESSORY',18),
(20,'2024-02-13 08:23:58.368905','2024-02-13 08:23:58.368905','ALPHABET_B','ACCESSORY',18),
(21,'2024-02-13 08:23:58.370023','2024-02-13 08:23:58.370023','ALPHABET_C','ACCESSORY',18),
(22,'2024-02-13 13:43:27.985738','2024-02-13 13:43:27.985738','ALPHABET_A','ACCESSORY',19),
(23,'2024-02-13 13:43:27.989666','2024-02-13 13:43:27.989666','ALPHABET_B','ACCESSORY',19),
(24,'2024-02-13 13:43:27.991075','2024-02-13 13:43:27.991075','ALPHABET_C','ACCESSORY',19),
(25,'2024-02-13 13:56:47.222950','2024-02-13 13:56:47.222950','ALPHABET_A','ACCESSORY',20),
(26,'2024-02-13 13:56:47.226350','2024-02-13 13:56:47.226350','ALPHABET_B','ACCESSORY',20),
(27,'2024-02-13 13:56:47.227647','2024-02-13 13:56:47.227647','ALPHABET_C','ACCESSORY',20),
(28,'2024-02-13 14:16:24.210262','2024-02-13 14:16:24.210262','ALPHABET_A','ACCESSORY',21),
(29,'2024-02-13 14:16:24.215715','2024-02-13 14:16:24.215715','ALPHABET_B','ACCESSORY',21),
(30,'2024-02-13 14:16:24.217339','2024-02-13 14:16:24.217339','ALPHABET_C','ACCESSORY',21),
(31,'2024-02-13 14:27:30.371767','2024-02-13 14:27:30.371767','ALPHABET_A','ACCESSORY',22),
(32,'2024-02-13 14:27:30.375737','2024-02-13 14:27:30.375737','ALPHABET_B','ACCESSORY',22),
(33,'2024-02-13 14:27:30.377136','2024-02-13 14:27:30.377136','ALPHABET_C','ACCESSORY',22),
(34,'2024-02-13 14:47:31.156969','2024-02-13 14:47:31.156969','ALPHABET_A','ACCESSORY',23),
(35,'2024-02-13 14:47:31.160959','2024-02-13 14:47:31.160959','ALPHABET_B','ACCESSORY',23),
(36,'2024-02-13 14:47:31.162403','2024-02-13 14:47:31.162403','ALPHABET_C','ACCESSORY',23),
(37,'2024-02-13 15:45:33.192311','2024-02-13 15:45:33.192311','ALPHABET_O','ACCESSORY',8),
(38,'2024-02-13 15:45:40.162518','2024-02-13 15:45:40.162518','ALPHABET_B','ACCESSORY',8),
(39,'2024-02-13 15:45:51.138338','2024-02-13 15:45:51.138338','ALPHABET_L','ACCESSORY',8),
(40,'2024-02-13 15:48:51.020743','2024-02-13 15:48:51.020743','ALPHABET_A','ACCESSORY',24),
(41,'2024-02-13 15:48:51.022085','2024-02-13 15:48:51.022085','ALPHABET_B','ACCESSORY',24),
(42,'2024-02-13 15:48:51.023289','2024-02-13 15:48:51.023289','ALPHABET_C','ACCESSORY',24),
(43,'2024-02-13 15:49:37.167860','2024-02-13 15:49:37.167860','ALPHABET_M','ACCESSORY',24),
(44,'2024-02-13 15:49:44.096006','2024-02-13 15:49:44.096006','ALPHABET_O','ACCESSORY',24),
(45,'2024-02-13 15:49:50.662455','2024-02-13 15:49:50.662455','ALPHABET_U','ACCESSORY',24),
(46,'2024-02-13 16:09:55.049256','2024-02-13 16:09:55.049256','ALPHABET_A','ACCESSORY',25),
(47,'2024-02-13 16:09:55.052193','2024-02-13 16:09:55.052193','ALPHABET_B','ACCESSORY',25),
(48,'2024-02-13 16:09:55.052999','2024-02-13 16:09:55.052999','ALPHABET_C','ACCESSORY',25),
(49,'2024-02-14 00:01:37.042605','2024-02-14 00:01:37.042605','ALPHABET_A','ACCESSORY',26),
(50,'2024-02-14 00:01:37.044991','2024-02-14 00:01:37.044991','ALPHABET_B','ACCESSORY',26),
(51,'2024-02-14 00:01:37.045816','2024-02-14 00:01:37.045816','ALPHABET_C','ACCESSORY',26),
(52,'2024-02-14 00:02:16.546312','2024-02-14 00:02:16.546312','ALPHABET_A','ACCESSORY',27),
(53,'2024-02-14 00:02:16.547537','2024-02-14 00:02:16.547537','ALPHABET_B','ACCESSORY',27),
(54,'2024-02-14 00:02:16.548315','2024-02-14 00:02:16.548315','ALPHABET_C','ACCESSORY',27),
(55,'2024-02-14 01:48:51.360892','2024-02-14 01:48:51.360892','ALPHABET_A','ACCESSORY',28),
(56,'2024-02-14 01:48:51.364495','2024-02-14 01:48:51.364495','ALPHABET_B','ACCESSORY',28),
(57,'2024-02-14 01:48:51.365739','2024-02-14 01:48:51.365739','ALPHABET_C','ACCESSORY',28),
(58,'2024-02-14 01:51:27.651624','2024-02-14 01:51:27.651624','ALPHABET_A','ACCESSORY',29),
(59,'2024-02-14 01:51:27.652952','2024-02-14 01:51:27.652952','ALPHABET_B','ACCESSORY',29),
(60,'2024-02-14 01:51:27.653781','2024-02-14 01:51:27.653781','ALPHABET_C','ACCESSORY',29),
(61,'2024-02-14 02:18:43.899966','2024-02-14 02:18:43.899966','ALPHABET_D','ACCESSORY',26),
(62,'2024-02-14 03:04:18.947112','2024-02-14 03:04:18.947112','ALPHABET_A','ACCESSORY',30),
(63,'2024-02-14 03:04:18.950042','2024-02-14 03:04:18.950042','ALPHABET_B','ACCESSORY',30),
(64,'2024-02-14 03:04:18.950931','2024-02-14 03:04:18.950931','ALPHABET_C','ACCESSORY',30),
(65,'2024-02-14 05:29:16.543006','2024-02-14 05:29:16.543006','ALPHABET_A','ACCESSORY',31),
(66,'2024-02-14 05:29:16.545986','2024-02-14 05:29:16.545986','ALPHABET_B','ACCESSORY',31),
(67,'2024-02-14 05:29:16.546696','2024-02-14 05:29:16.546696','ALPHABET_C','ACCESSORY',31),
(68,'2024-02-14 06:05:52.874735','2024-02-14 06:05:52.874735','ALPHABET_A','ACCESSORY',32),
(69,'2024-02-14 06:05:52.878483','2024-02-14 06:05:52.878483','ALPHABET_B','ACCESSORY',32),
(70,'2024-02-14 06:05:52.879765','2024-02-14 06:05:52.879765','ALPHABET_C','ACCESSORY',32),
(71,'2024-02-14 08:12:13.310654','2024-02-14 08:12:13.310654','ALPHABET_A','ACCESSORY',33),
(72,'2024-02-14 08:12:13.314015','2024-02-14 08:12:13.314015','ALPHABET_B','ACCESSORY',33),
(73,'2024-02-14 08:12:13.314959','2024-02-14 08:12:13.314959','ALPHABET_C','ACCESSORY',33),
(74,'2024-02-14 08:25:58.314266','2024-02-14 08:25:58.314266','ALPHABET_A','ACCESSORY',34),
(75,'2024-02-14 08:25:58.315688','2024-02-14 08:25:58.315688','ALPHABET_B','ACCESSORY',34),
(76,'2024-02-14 08:25:58.316520','2024-02-14 08:25:58.316520','ALPHABET_C','ACCESSORY',34),
(77,'2024-02-14 15:12:17.729426','2024-02-14 15:12:17.729426','ALPHABET_A','ACCESSORY',35),
(78,'2024-02-14 15:12:17.730632','2024-02-14 15:12:17.730632','ALPHABET_B','ACCESSORY',35),
(79,'2024-02-14 15:12:17.732768','2024-02-14 15:12:17.732768','ALPHABET_C','ACCESSORY',35),
(80,'2024-02-15 01:55:12.674795','2024-02-15 01:55:12.674795','ALPHABET_A','ACCESSORY',36),
(81,'2024-02-15 01:55:12.678301','2024-02-15 01:55:12.678301','ALPHABET_B','ACCESSORY',36),
(82,'2024-02-15 01:55:12.679375','2024-02-15 01:55:12.679375','ALPHABET_C','ACCESSORY',36),
(83,'2024-02-15 02:19:18.218839','2024-02-15 02:19:18.218839','ALPHABET_K','ACCESSORY',26),
(84,'2024-02-15 02:19:31.550773','2024-02-15 02:19:31.550773','ALPHABET_I','ACCESSORY',26),
(85,'2024-02-15 03:36:45.067574','2024-02-15 03:36:45.067574','ALPHABET_T','ACCESSORY',26),
(86,'2024-02-15 03:46:28.253943','2024-02-15 03:46:28.253943','ALPHABET_A','ACCESSORY',37),
(87,'2024-02-15 03:46:28.255257','2024-02-15 03:46:28.255257','ALPHABET_B','ACCESSORY',37),
(88,'2024-02-15 03:46:28.256117','2024-02-15 03:46:28.256117','ALPHABET_C','ACCESSORY',37),
(89,'2024-02-15 05:09:42.991356','2024-02-15 05:09:42.991356','ALPHABET_A','ACCESSORY',38),
(90,'2024-02-15 05:09:42.994937','2024-02-15 05:09:42.994937','ALPHABET_B','ACCESSORY',38),
(91,'2024-02-15 05:09:42.996011','2024-02-15 05:09:42.996011','ALPHABET_C','ACCESSORY',38),
(92,'2024-02-15 05:33:27.124932','2024-02-15 05:33:27.124932','ALPHABET_A','ACCESSORY',39),
(93,'2024-02-15 05:33:27.126156','2024-02-15 05:33:27.126156','ALPHABET_B','ACCESSORY',39),
(94,'2024-02-15 05:33:27.126996','2024-02-15 05:33:27.126996','ALPHABET_C','ACCESSORY',39),
(95,'2024-02-15 06:29:44.417857','2024-02-15 06:29:44.417857','ALPHABET_A','ACCESSORY',40),
(96,'2024-02-15 06:29:44.421397','2024-02-15 06:29:44.421397','ALPHABET_B','ACCESSORY',40),
(97,'2024-02-15 06:29:44.422786','2024-02-15 06:29:44.422786','ALPHABET_C','ACCESSORY',40),
(98,'2024-02-15 06:43:52.952068','2024-02-15 06:43:52.952068','ALPHABET_P','ACCESSORY',26),
(99,'2024-02-15 07:53:21.454244','2024-02-15 07:53:21.454244','ALPHABET_G','ACCESSORY',37),
(100,'2024-02-15 18:06:47.202305','2024-02-15 18:06:47.202305','ALPHABET_A','ACCESSORY',41),
(101,'2024-02-15 18:06:47.203759','2024-02-15 18:06:47.203759','ALPHABET_B','ACCESSORY',41),
(102,'2024-02-15 18:06:47.204311','2024-02-15 18:06:47.204311','ALPHABET_C','ACCESSORY',41),
(103,'2024-02-16 01:08:13.973207','2024-02-16 01:08:13.973207','ALPHABET_J','ACCESSORY',26),
(104,'2024-02-16 01:14:03.333161','2024-02-16 01:14:03.333161','ALPHABET_A','ACCESSORY',42),
(105,'2024-02-16 01:14:03.334455','2024-02-16 01:14:03.334455','ALPHABET_B','ACCESSORY',42),
(106,'2024-02-16 01:14:03.335121','2024-02-16 01:14:03.335121','ALPHABET_C','ACCESSORY',42);
/*!40000 ALTER TABLE `family_item` ENABLE KEYS */;
UNLOCK TABLES;

--
-- Table structure for table `family_membership`
--

DROP TABLE IF EXISTS `family_membership`;
/*!40101 SET @saved_cs_client     = @@character_set_client */;
/*!40101 SET character_set_client = utf8 */;
CREATE TABLE `family_membership` (
  `id` bigint(20) NOT NULL AUTO_INCREMENT,
  `created_at` datetime(6) DEFAULT NULL,
  `last_edited_at` datetime(6) DEFAULT NULL,
  `role` varchar(32) DEFAULT NULL,
  `family_id` bigint(20) DEFAULT NULL,
  `member_id` bigint(20) DEFAULT NULL,
  PRIMARY KEY (`id`),
  KEY `FK2r3uqw8xskfk04na0n0xtj0j7` (`family_id`),
  KEY `FKnj9myjgsf6dwosk1428sll5dq` (`member_id`),
  CONSTRAINT `FK2r3uqw8xskfk04na0n0xtj0j7` FOREIGN KEY (`family_id`) REFERENCES `family` (`id`),
  CONSTRAINT `FKnj9myjgsf6dwosk1428sll5dq` FOREIGN KEY (`member_id`) REFERENCES `member` (`id`)
) ENGINE=InnoDB AUTO_INCREMENT=62 DEFAULT CHARSET=utf8mb4 COLLATE=utf8mb4_general_ci;
/*!40101 SET character_set_client = @saved_cs_client */;

--
-- Dumping data for table `family_membership`
--

LOCK TABLES `family_membership` WRITE;
/*!40000 ALTER TABLE `family_membership` DISABLE KEYS */;
INSERT INTO `family_membership` VALUES
(1,'2024-02-09 06:33:03.616831','2024-02-09 06:33:03.616831','LEADER',1,1),
(2,'2024-02-09 08:15:39.885074','2024-02-09 08:15:39.885074','LEADER',2,2),
(3,'2024-02-12 14:35:19.239979','2024-02-12 14:35:19.239979','LEADER',3,3),
(4,'2024-02-13 00:08:28.988988','2024-02-13 00:08:28.988988','LEADER',4,5),
(5,'2024-02-13 02:20:30.167738','2024-02-13 02:20:30.167738','LEADER',5,8),
(6,'2024-02-13 02:20:58.558524','2024-02-13 02:20:58.558524','LEADER',6,9),
(7,'2024-02-13 02:31:10.521309','2024-02-13 02:31:10.521309','LEADER',7,1),
(8,'2024-02-13 03:01:30.956731','2024-02-13 03:01:30.956731','LEADER',8,10),
(9,'2024-02-13 03:03:16.237518','2024-02-13 03:03:16.237518','LEADER',9,9),
(10,'2024-02-13 05:12:28.089598','2024-02-13 05:12:28.089598','LEADER',10,5),
(11,'2024-02-13 05:13:46.006862','2024-02-13 05:13:46.006862','LEADER',11,5),
(12,'2024-02-13 06:28:34.983334','2024-02-13 06:28:34.983334','LEADER',12,9),
(13,'2024-02-13 06:30:03.990506','2024-02-13 06:30:03.990506','LEADER',13,8),
(14,'2024-02-13 06:31:18.615225','2024-02-13 06:31:18.615225','LEADER',14,9),
(15,'2024-02-13 06:32:16.018943','2024-02-13 06:32:16.018943','LEADER',15,9),
(16,'2024-02-13 06:49:31.071294','2024-02-13 06:49:31.071294','LEADER',16,2),
(17,'2024-02-13 06:50:24.488644','2024-02-13 06:50:24.488644','MEMBER',16,5),
(18,'2024-02-13 06:52:31.447108','2024-02-13 06:52:31.447108','LEADER',17,10),
(19,'2024-02-13 08:23:58.361362','2024-02-13 08:23:58.361362','LEADER',18,12),
(20,'2024-02-13 13:43:27.971441','2024-02-13 13:43:27.971441','LEADER',19,1),
(21,'2024-02-13 13:56:47.213076','2024-02-13 13:56:47.213076','LEADER',20,1),
(22,'2024-02-13 14:16:24.191488','2024-02-13 14:16:24.191488','LEADER',21,1),
(23,'2024-02-13 14:27:30.357328','2024-02-13 14:27:30.357328','LEADER',22,1),
(24,'2024-02-13 14:47:31.142063','2024-02-13 14:47:31.142063','LEADER',23,1),
(25,'2024-02-13 15:48:51.016419','2024-02-13 15:48:51.016419','LEADER',24,10),
(26,'2024-02-13 16:09:55.044773','2024-02-13 16:09:55.044773','LEADER',25,13),
(27,'2024-02-14 00:01:37.037734','2024-02-14 00:01:37.037734','LEADER',26,5),
(28,'2024-02-14 00:02:16.544081','2024-02-14 00:02:16.544081','LEADER',27,5),
(29,'2024-02-14 00:29:27.272886','2024-02-14 00:29:27.272886','MEMBER',26,10),
(30,'2024-02-14 01:48:51.349405','2024-02-14 01:48:51.349405','LEADER',28,8),
(31,'2024-02-14 01:51:27.647515','2024-02-14 01:51:27.647515','LEADER',29,9),
(32,'2024-02-14 03:04:18.938152','2024-02-14 03:04:18.938152','LEADER',30,14),
(33,'2024-02-14 05:29:16.534354','2024-02-14 05:29:16.534354','LEADER',31,15),
(34,'2024-02-14 06:05:52.863744','2024-02-14 06:05:52.863744','LEADER',32,9),
(35,'2024-02-14 08:12:13.297855','2024-02-14 08:12:13.297855','LEADER',33,15),
(36,'2024-02-14 08:25:58.311055','2024-02-14 08:25:58.311055','LEADER',34,11),
(37,'2024-02-14 15:12:17.726063','2024-02-14 15:12:17.726063','LEADER',35,5),
(38,'2024-02-15 01:39:34.654288','2024-02-15 01:39:34.654288','MEMBER',16,1),
(39,'2024-02-15 01:39:36.011100','2024-02-15 01:39:36.011100','MEMBER',16,10),
(40,'2024-02-15 01:39:55.939965','2024-02-15 01:39:55.939965','MEMBER',16,1),
(41,'2024-02-15 01:55:12.662959','2024-02-15 01:55:12.662959','LEADER',36,10),
(42,'2024-02-15 01:55:37.873936','2024-02-15 01:55:37.873936','MEMBER',36,5),
(43,'2024-02-15 01:56:54.940689','2024-02-15 01:56:54.940689','MEMBER',36,1),
(44,'2024-02-15 01:56:57.705766','2024-02-15 01:56:57.705766','MEMBER',36,8),
(45,'2024-02-15 01:57:21.751489','2024-02-15 01:57:21.751489','MEMBER',36,9),
(46,'2024-02-15 01:57:39.915478','2024-02-15 01:57:39.915478','MEMBER',36,2),
(47,'2024-02-15 02:05:30.491193','2024-02-15 02:05:30.491193','MEMBER',36,1),
(48,'2024-02-15 02:05:41.557993','2024-02-15 02:05:41.557993','MEMBER',36,1),
(49,'2024-02-15 02:06:01.077343','2024-02-15 02:06:01.077343','MEMBER',26,1),
(50,'2024-02-15 02:06:21.095728','2024-02-15 02:06:21.095728','MEMBER',26,8),
(51,'2024-02-15 02:06:23.132832','2024-02-15 02:06:23.132832','MEMBER',26,9),
(52,'2024-02-15 02:07:05.731723','2024-02-15 02:07:05.731723','MEMBER',26,2),
(53,'2024-02-15 03:46:28.242578','2024-02-15 03:46:28.242578','LEADER',37,16),
(54,'2024-02-15 05:09:42.980474','2024-02-15 05:09:42.980474','LEADER',38,9),
(55,'2024-02-15 05:33:27.121956','2024-02-15 05:33:27.121956','LEADER',39,18),
(56,'2024-02-15 05:34:22.491163','2024-02-15 05:34:22.491163','MEMBER',39,17),
(57,'2024-02-15 05:34:27.338565','2024-02-15 05:34:27.338565','MEMBER',39,9),
(58,'2024-02-15 06:29:44.404528','2024-02-15 06:29:44.404528','LEADER',40,1),
(59,'2024-02-15 07:55:46.387795','2024-02-15 07:55:46.387795','MEMBER',37,9),
(60,'2024-02-15 18:06:47.196764','2024-02-15 18:06:47.196764','LEADER',41,21),
(61,'2024-02-16 01:14:03.322661','2024-02-16 01:14:03.322661','LEADER',42,22);
/*!40000 ALTER TABLE `family_membership` ENABLE KEYS */;
UNLOCK TABLES;

--
-- Table structure for table `family_statistics`
--

DROP TABLE IF EXISTS `family_statistics`;
/*!40101 SET @saved_cs_client     = @@character_set_client */;
/*!40101 SET character_set_client = utf8 */;
CREATE TABLE `family_statistics` (
  `id` bigint(20) NOT NULL,
  `created_at` datetime(6) DEFAULT NULL,
  `last_edited_at` datetime(6) DEFAULT NULL,
  `calendar_plan_count` int(11) DEFAULT NULL,
  `challenge_complete_count` int(11) DEFAULT NULL,
  `daily_record_count` int(11) DEFAULT NULL,
  `event_record_count` int(11) DEFAULT NULL,
  `harvest_count` int(11) DEFAULT NULL,
  `is_first_conference` bit(1) DEFAULT NULL,
  PRIMARY KEY (`id`),
  CONSTRAINT `FKbg5jip1waqkf78h4d9s2va3l7` FOREIGN KEY (`id`) REFERENCES `family` (`id`)
) ENGINE=InnoDB DEFAULT CHARSET=utf8mb4 COLLATE=utf8mb4_general_ci;
/*!40101 SET character_set_client = @saved_cs_client */;

--
-- Dumping data for table `family_statistics`
--

LOCK TABLES `family_statistics` WRITE;
/*!40000 ALTER TABLE `family_statistics` DISABLE KEYS */;
INSERT INTO `family_statistics` VALUES
(1,'2024-02-09 06:33:03.608387','2024-02-09 06:33:03.608387',0,0,0,1,0,'\0'),
(2,'2024-02-09 08:15:39.876749','2024-02-09 08:15:39.876749',0,0,2,0,0,'\0'),
(3,'2024-02-12 14:35:19.235001','2024-02-12 14:35:19.235001',0,0,0,0,0,'\0'),
(4,'2024-02-13 00:08:28.987608','2024-02-13 00:08:28.987608',0,0,1,1,0,'\0'),
(5,'2024-02-13 02:20:30.162749','2024-02-13 02:20:30.162749',0,0,1,0,0,'\0'),
(6,'2024-02-13 02:20:58.557490','2024-02-13 02:20:58.557490',0,0,0,0,0,'\0'),
(7,'2024-02-13 02:31:10.512477','2024-02-13 02:31:10.512477',0,0,0,0,0,'\0'),
(8,'2024-02-13 03:01:30.955794','2024-02-13 03:01:30.955794',3,0,1,7,0,'\0'),
(9,'2024-02-13 03:03:16.236717','2024-02-13 03:03:16.236717',0,0,0,0,0,'\0'),
(10,'2024-02-13 05:12:28.084682','2024-02-13 05:12:28.084682',0,0,0,0,0,'\0'),
(11,'2024-02-13 05:13:46.006020','2024-02-13 05:13:46.006020',0,0,0,0,0,'\0'),
(12,'2024-02-13 06:28:34.978715','2024-02-13 06:28:34.978715',0,0,0,0,0,'\0'),
(13,'2024-02-13 06:30:03.989759','2024-02-13 06:30:03.989759',3,0,0,4,0,'\0'),
(14,'2024-02-13 06:31:18.614680','2024-02-13 06:31:18.614680',0,0,0,0,0,'\0'),
(15,'2024-02-13 06:32:16.018401','2024-02-13 06:32:16.018401',0,0,0,0,0,'\0'),
(16,'2024-02-13 06:49:31.066267','2024-02-13 06:49:31.066267',0,0,0,2,0,'\0'),
(17,'2024-02-13 06:52:31.446195','2024-02-13 06:52:31.446195',0,0,0,0,0,'\0'),
(18,'2024-02-13 08:23:58.360757','2024-02-13 08:23:58.360757',0,0,0,0,0,'\0'),
(19,'2024-02-13 13:43:27.962399','2024-02-13 13:43:27.962399',0,0,0,0,0,'\0'),
(20,'2024-02-13 13:56:47.208093','2024-02-13 13:56:47.208093',0,0,0,0,0,'\0'),
(21,'2024-02-13 14:16:24.182534','2024-02-13 14:16:24.182534',0,0,0,0,0,'\0'),
(22,'2024-02-13 14:27:30.347360','2024-02-13 14:27:30.347360',0,0,0,0,0,'\0'),
(23,'2024-02-13 14:47:31.132708','2024-02-13 14:47:31.132708',0,0,0,0,0,'\0'),
(24,'2024-02-13 15:48:51.015717','2024-02-13 15:48:51.015717',0,0,0,3,0,'\0'),
(25,'2024-02-13 16:09:55.044239','2024-02-13 16:09:55.044239',0,0,0,0,0,'\0'),
(26,'2024-02-14 00:01:37.036874','2024-02-14 00:01:37.036874',6,2,38,6,0,'\0'),
(27,'2024-02-14 00:02:16.543631','2024-02-14 00:02:16.543631',0,0,0,0,0,'\0'),
(28,'2024-02-14 01:48:51.344616','2024-02-14 01:48:51.344616',1,6,1,7,0,'\0'),
(29,'2024-02-14 01:51:27.646843','2024-02-14 01:51:27.646843',0,2,2,1,0,'\0'),
(30,'2024-02-14 03:04:18.933725','2024-02-14 03:04:18.933725',0,0,0,0,0,'\0'),
(31,'2024-02-14 05:29:16.530615','2024-02-14 05:29:16.530615',0,0,0,0,0,'\0'),
(32,'2024-02-14 06:05:52.858558','2024-02-14 06:05:52.858558',0,0,4,1,0,'\0'),
(33,'2024-02-14 08:12:13.293599','2024-02-14 08:12:13.293599',0,0,0,0,0,'\0'),
(34,'2024-02-14 08:25:58.310453','2024-02-14 08:25:58.310453',0,0,1,0,0,'\0'),
(35,'2024-02-14 15:12:17.725151','2024-02-14 15:12:17.725151',0,0,1,1,0,'\0'),
(36,'2024-02-15 01:55:12.659289','2024-02-15 01:55:12.659289',0,1,0,0,0,'\0'),
(37,'2024-02-15 03:46:28.238875','2024-02-15 03:46:28.238875',10,10,1,3,0,'\0'),
(38,'2024-02-15 05:09:42.976012','2024-02-15 05:09:42.976012',0,1,0,0,0,'\0'),
(39,'2024-02-15 05:33:27.121267','2024-02-15 05:33:27.121267',1,1,3,3,0,'\0'),
(40,'2024-02-15 06:29:44.399321','2024-02-15 06:29:44.399321',0,0,0,2,0,'\0'),
(41,'2024-02-15 18:06:47.195864','2024-02-15 18:06:47.195864',0,0,0,0,0,'\0'),
(42,'2024-02-16 01:14:03.318779','2024-02-16 01:14:03.318779',0,0,0,0,0,'\0');
/*!40000 ALTER TABLE `family_statistics` ENABLE KEYS */;
UNLOCK TABLES;

--
-- Table structure for table `image`
--

DROP TABLE IF EXISTS `image`;
/*!40101 SET @saved_cs_client     = @@character_set_client */;
/*!40101 SET character_set_client = utf8 */;
CREATE TABLE `image` (
  `id` bigint(20) NOT NULL AUTO_INCREMENT,
  `created_at` datetime(6) DEFAULT NULL,
  `last_edited_at` datetime(6) DEFAULT NULL,
  `location` varchar(255) DEFAULT NULL,
  `original_file_name` varchar(255) DEFAULT NULL,
  PRIMARY KEY (`id`)
) ENGINE=InnoDB AUTO_INCREMENT=230 DEFAULT CHARSET=utf8mb4 COLLATE=utf8mb4_general_ci;
/*!40101 SET character_set_client = @saved_cs_client */;

--
-- Dumping data for table `image`
--

LOCK TABLES `image` WRITE;
/*!40000 ALTER TABLE `image` DISABLE KEYS */;
INSERT INTO `image` VALUES
(1,'2024-02-09 06:32:48.891662','2024-02-09 06:32:48.891662','https://lh3.googleusercontent.com/a/ACg8ocIn2RIbJhq4R99VabJFNxe5Dz7SLTV5m-v5gGBVzET5=s96-c','GOOGLE_1054896398c1f1f88e-eca2-47a6-a33c-38e6a5e2d696'),
(2,'2024-02-09 06:33:03.586117','2024-02-09 06:33:03.586117','http://i10e102.p.ssafy.io:8021/fde859f8-d80b-4efb-92b7-ebdbde776d34.jpeg','9ff877e41cba8e94c2784a0d0cf40dbc_res (2).jpeg'),
(3,'2024-02-09 06:34:31.297347','2024-02-09 06:34:31.297347','http://i10e102.p.ssafy.io:8021/5277a30c-8923-4c5e-8f8c-1c2ec027abc6.jfif','IMG_3467.jfif'),
(4,'2024-02-09 08:15:23.354370','2024-02-09 08:15:23.354370','https://lh3.googleusercontent.com/a/ACg8ocLVhauDapsDLHU1u9s4orX0fLjmNVAzh5coC388ZGC2dA=s96-c','GOOGLE_1061764152c298d7e6-e564-448b-a760-c610885d6225'),
(5,'2024-02-09 08:15:39.860186','2024-02-09 08:15:39.860186','http://i10e102.p.ssafy.io:8021/ff4f6048-2bd5-4475-a7f9-5212a538bd8a.png','제목 없음.png'),
(6,'2024-02-11 12:12:06.489213','2024-02-11 12:12:06.489213','http://i10e102.p.ssafy.io:8021/20b7d725-c62c-4116-bd7c-f15138ada50f.jpeg','9ff877e41cba8e94c2784a0d0cf40dbc_res (3).jpeg'),
(7,'2024-02-11 12:12:07.587261','2024-02-11 12:12:07.587261','http://i10e102.p.ssafy.io:8021/f7724714-debd-407a-aa25-53d1a2f3ef56.jpeg','9ff877e41cba8e94c2784a0d0cf40dbc_res (3).jpeg'),
(8,'2024-02-12 14:34:57.094424','2024-02-12 14:34:57.094424','https://lh3.googleusercontent.com/a/ACg8ocLXjHP1UKU7w9gplIrk88HaSbS6e_1EQYoJB61vwAyk=s96-c','GOOGLE_10268781332bf3db2c-86b8-4878-8997-3ce494c2ad47'),
(9,'2024-02-12 14:35:19.212910','2024-02-12 14:35:19.212910','http://i10e102.p.ssafy.io:8021/7ba80ce4-7bff-41c0-a3e4-9db2891d53a9.png','Free_Vector___Flat_design_flower_pixel_art-removebg-preview.png'),
(10,'2024-02-12 14:38:57.818082','2024-02-12 14:38:57.818082','https://lh3.googleusercontent.com/a/ACg8ocKwpmnYwAUBKpar3vW5eBxpY6xYTNn5-YsN8kJ57Cwf=s96-c','GOOGLE_10926441663411c7f7-dab5-46ef-9778-322b821a30b8'),
(11,'2024-02-13 00:08:06.132083','2024-02-13 00:08:06.132083','https://lh3.googleusercontent.com/a/ACg8ocLLJhGWvz7WdCaa8mKK9ghJJXmCpCZEiRqMMK0QMd5N=s96-c','GOOGLE_1061068152d06b3a9b-d986-4bcd-9d1a-39ae7305f060'),
(12,'2024-02-13 00:08:28.976787','2024-02-13 00:08:28.976787','http://i10e102.p.ssafy.io:8021/3e399a59-8efd-457e-9524-c9fb3fd7a200.png','로고_E102.png'),
(13,'2024-02-13 02:16:23.126591','2024-02-13 02:16:23.126591','https://lh3.googleusercontent.com/a/ACg8ocKbgvYjwpXyCuZdZFl3xXnx5nlOuYVfUwMHfWk5gKgv=s96-c','GOOGLE_1100262641efb26753-2b52-4867-8bea-e17042e4db1d'),
(14,'2024-02-13 02:17:25.263449','2024-02-13 02:17:25.263449','http://k.kakaocdn.net/dn/1G9kp/btsAot8liOn/8CWudi3uy07rvFNUkk3ER0/img_110x110.jpg','KAKAO_3297747637deb53592-2d98-41e1-b29d-152d9aab2ac5'),
(15,'2024-02-13 02:20:00.883631','2024-02-13 02:20:00.883631','https://lh3.googleusercontent.com/a/ACg8ocK0nd6PRAuzulWAAxL_EPA30Z-RdMaMm73AM2_qk9fwLw=s96-c','GOOGLE_11056234977e77ddcf-b964-47cf-b7d4-0830c11f0c0f'),
(16,'2024-02-13 02:20:30.146708','2024-02-13 02:20:30.146708','http://i10e102.p.ssafy.io:8021/75b9375d-ee06-4a99-b401-5dbf2d15aced.png','mainboard_capture (1).png'),
(17,'2024-02-13 02:20:30.859117','2024-02-13 02:20:30.859117','https://lh3.googleusercontent.com/a/ACg8ocLV_q6U6bE5UfCpNhkNgbgYzIKFgpQw5Y3X9IdARIYUtw=s96-c','GOOGLE_11574542938a980adb-4947-4be7-831c-bdda6a77ec64'),
(18,'2024-02-13 02:20:58.553194','2024-02-13 02:20:58.553194','http://i10e102.p.ssafy.io:8021/aef38ba9-f956-4c3d-b056-d8d369fc1f21.jpg','chunsik.jpg'),
(19,'2024-02-13 02:31:10.460880','2024-02-13 02:31:10.460880','http://i10e102.p.ssafy.io:8021/f3fb1865-fb8b-41c2-b33d-68b270ef734b.jpeg','9ff877e41cba8e94c2784a0d0cf40dbc_res (2).jpeg'),
(20,'2024-02-13 03:00:50.952965','2024-02-13 03:00:50.952965','https://lh3.googleusercontent.com/a/ACg8ocLpXsuJRDPa43TCJy64z2VVqhtrzawn8wn41aX1A00GQg=s96-c','GOOGLE_10065642123d0aaa04-9ed7-44cf-8148-bd59de6af97e'),
(21,'2024-02-13 03:01:30.951165','2024-02-13 03:01:30.951165','http://i10e102.p.ssafy.io:8021/95237d85-6b54-428a-92aa-4af7bcba30ee.jpg','images (1).jpg'),
(22,'2024-02-13 03:03:16.231384','2024-02-13 03:03:16.231384','http://i10e102.p.ssafy.io:8021/d6f4bc48-8b09-4f09-a9f9-250836eb28da.jpg','chunsik.jpg'),
(23,'2024-02-13 05:12:28.039261','2024-02-13 05:12:28.039261','http://i10e102.p.ssafy.io:8021/59a75b47-5e43-4d63-81d1-aa5f34b67c11.png','flat-design-flower-pixel-art_23-2149255776-removebg-preview.png'),
(24,'2024-02-13 05:13:46.001329','2024-02-13 05:13:46.001329','http://i10e102.p.ssafy.io:8021/8a50a529-38bd-4b25-9c12-cd9be2433f95.png','꽃2-removebg-preview.png'),
(25,'2024-02-13 06:12:18.637963','2024-02-13 06:12:18.637963','https://lh3.googleusercontent.com/a/ACg8ocIVR3-cXxdWEctELI0kLIx4594eg8_qtYeGNVcCcdu9=s96-c','GOOGLE_1018137278ad3dfaac-9782-41aa-8397-d12ccb820319'),
(26,'2024-02-13 06:28:34.953402','2024-02-13 06:28:34.953402','http://i10e102.p.ssafy.io:8021/14c1c35a-06eb-447c-a902-3c0b0464a1ff.jpg','chunsik.jpg'),
(27,'2024-02-13 06:30:03.984192','2024-02-13 06:30:03.984192','http://i10e102.p.ssafy.io:8021/d9a9f2e6-6502-4eb6-a316-f8313ab95080.png','familyTree.png'),
(28,'2024-02-13 06:31:18.611317','2024-02-13 06:31:18.611317','http://i10e102.p.ssafy.io:8021/14dcbba8-1e8f-4d4c-ae76-ef2debb8bdeb.jpg','chunsik.jpg'),
(29,'2024-02-13 06:31:25.254130','2024-02-13 06:31:25.254130','http://i10e102.p.ssafy.io:8021/b5520f5a-77a9-4048-ad18-fb7f010b3173.jpg','images (1).jpg'),
(30,'2024-02-13 06:31:25.255234','2024-02-13 06:31:25.255234','http://i10e102.p.ssafy.io:8021/74624801-ad26-4481-b340-2383d87f6b32.jpg','images.jpg'),
(31,'2024-02-13 06:31:25.256225','2024-02-13 06:31:25.256225','http://i10e102.p.ssafy.io:8021/b83ab946-c8b1-44f8-beb5-7776d60b1200.png','사인.png'),
(32,'2024-02-13 06:32:16.015128','2024-02-13 06:32:16.015128','http://i10e102.p.ssafy.io:8021/89266b53-0a75-4e25-ae5a-6b10c56226f5.jpg','chunsik.jpg'),
(33,'2024-02-13 06:48:30.748997','2024-02-13 06:48:30.748997','http://i10e102.p.ssafy.io:8021/50b0c297-a5da-4745-a700-d5d91f495822.png','제목 없음.png'),
(34,'2024-02-13 06:49:00.969573','2024-02-13 06:49:00.969573','http://i10e102.p.ssafy.io:8021/ee079671-aabb-47a1-bd73-18a109ae79b3.png','wiki4.png'),
(35,'2024-02-13 06:49:31.051121','2024-02-13 06:49:31.051121','http://i10e102.p.ssafy.io:8021/f3042aa3-18a8-49b0-9e25-91ce1af585bf.png','wiki4.png'),
(36,'2024-02-13 06:52:31.440313','2024-02-13 06:52:31.440313','http://i10e102.p.ssafy.io:8021/1023b0de-3fac-46aa-aae6-d872c2c71ae4.jpg','images (1).jpg'),
(37,'2024-02-13 07:05:40.643551','2024-02-13 07:05:40.643551','http://i10e102.p.ssafy.io:8021/db6ee785-a1a7-4dc4-a4f2-2968c5a34881.png','familyTree.png'),
(38,'2024-02-13 07:05:40.644645','2024-02-13 07:05:40.644645','http://i10e102.p.ssafy.io:8021/d9f509b5-4bf5-4ec4-9af6-be1274010d3d.png','family.png.png'),
(39,'2024-02-13 08:23:07.082525','2024-02-13 08:23:07.082525','http://k.kakaocdn.net/dn/kIM7d/btslSlbm2jH/tyjPEutdKU5CkYStdIpa60/img_110x110.jpg','KAKAO_3299976555911e6095-541d-4982-9a42-3b66f237ee34'),
(40,'2024-02-13 08:23:58.356988','2024-02-13 08:23:58.356988','http://i10e102.p.ssafy.io:8021/ad21076c-21cc-4145-938b-4bc7bef1543e.jpg','images (1).jpg'),
(41,'2024-02-13 08:35:11.311601','2024-02-13 08:35:11.311601','http://i10e102.p.ssafy.io:8021/f3db381c-c22d-4d31-a03f-ce043d5752a1.jpg','images (1).jpg'),
(42,'2024-02-13 08:36:21.581263','2024-02-13 08:36:21.581263','http://i10e102.p.ssafy.io:8021/49d972a7-2908-4081-8b64-bb392b5a82c6.jpg','images (1).jpg'),
(43,'2024-02-13 08:36:44.046300','2024-02-13 08:36:44.046300','http://i10e102.p.ssafy.io:8021/41a20e4d-414e-4d54-816d-22eaad97c181.png','familyTree.png'),
(44,'2024-02-13 08:36:47.085134','2024-02-13 08:36:47.085134','http://i10e102.p.ssafy.io:8021/b3d0d4df-2a69-4b6b-84e7-009bc435fff9.jpg','images (1).jpg'),
(45,'2024-02-13 08:36:52.763837','2024-02-13 08:36:52.763837','http://i10e102.p.ssafy.io:8021/69bee305-3f8f-42c6-9c96-eec1fdbbd075.jpeg','9ff877e41cba8e94c2784a0d0cf40dbc_res (2).jpeg'),
(46,'2024-02-13 13:22:11.890728','2024-02-13 13:22:11.890728','http://i10e102.p.ssafy.io:8021/cf8994f5-b1ba-4afe-ad82-ffd8322b5df4.jpg','adfg.jpg'),
(47,'2024-02-13 13:23:20.544507','2024-02-13 13:23:20.544507','http://i10e102.p.ssafy.io:8021/2201635b-e021-44c7-a433-b4956df9d037.jpg','images (1).jpg'),
(48,'2024-02-13 13:23:20.545793','2024-02-13 13:23:20.545793','http://i10e102.p.ssafy.io:8021/8a45bfc8-d077-40cd-a299-018288543756.jpg','images.jpg'),
(49,'2024-02-13 13:43:27.910556','2024-02-13 13:43:27.910556','http://i10e102.p.ssafy.io:8021/536cbb1d-45c7-4b57-9583-508dcbe07fcf.jpeg','9ff877e41cba8e94c2784a0d0cf40dbc_res (2).jpeg'),
(50,'2024-02-13 13:56:47.180990','2024-02-13 13:56:47.180990','https://i10e102.p.ssafy.io/images/4e1f953d-0966-4741-b938-ab812641a293.jpeg','9ff877e41cba8e94c2784a0d0cf40dbc_res (2).jpeg'),
(51,'2024-02-13 14:11:11.713781','2024-02-13 14:11:11.713781','https://i10e102.p.ssafy.io/images/cff4500e-519d-47ce-83c7-583f6c0a312f.jpg','images (1).jpg'),
(52,'2024-02-13 14:11:17.954148','2024-02-13 14:11:17.954148','https://i10e102.p.ssafy.io/images/1703251e-aa1d-4737-8b35-1f0d774e9e3d.jpg','images (1).jpg'),
(53,'2024-02-13 14:11:24.112512','2024-02-13 14:11:24.112512','https://i10e102.p.ssafy.io/images/cc9963d9-60e3-4ae6-86e0-5f3075d7d882.jpg','images (1).jpg'),
(54,'2024-02-13 14:11:29.824706','2024-02-13 14:11:29.824706','https://i10e102.p.ssafy.io/images/5a0bc77a-ca2a-4a87-8ae4-2c0abd1a097e.jpg','images (1).jpg'),
(55,'2024-02-13 14:11:35.612155','2024-02-13 14:11:35.612155','https://i10e102.p.ssafy.io/images/16a06294-fba2-4a49-a684-1ec329314df2.jpg','images (1).jpg'),
(56,'2024-02-13 14:11:41.458325','2024-02-13 14:11:41.458325','https://i10e102.p.ssafy.io/images/1e31e27d-813c-47f6-bc84-856566211c8b.jpg','images (1).jpg'),
(57,'2024-02-13 14:11:46.837423','2024-02-13 14:11:46.837423','https://i10e102.p.ssafy.io/images/7cd496f1-b0f9-47bc-94c9-4882831eb58e.jpg','images (1).jpg'),
(58,'2024-02-13 14:11:52.250318','2024-02-13 14:11:52.250318','https://i10e102.p.ssafy.io/images/96af0b4c-4198-49b3-83bc-a38553e22eb8.jpg','images (1).jpg'),
(59,'2024-02-13 14:16:24.122375','2024-02-13 14:16:24.122375','https://i10e102.p.ssafy.io/images/343ce795-dc1c-418d-9136-65c4728b6fbb.jpeg','9ff877e41cba8e94c2784a0d0cf40dbc_res (2).jpeg'),
(60,'2024-02-13 14:27:30.281763','2024-02-13 14:27:30.281763','https://i10e102.p.ssafy.io/images/c7a752ed-d945-442a-b19d-25fb7a2ff1c7.jpeg','9ff877e41cba8e94c2784a0d0cf40dbc_res.jpeg'),
(61,'2024-02-13 14:47:31.081024','2024-02-13 14:47:31.081024','https://i10e102.p.ssafy.io/images/d896e5cc-b3fd-4997-bca5-3fa5be243eba.jpeg','9ff877e41cba8e94c2784a0d0cf40dbc_res (3).jpeg'),
(62,'2024-02-13 15:38:24.738555','2024-02-13 15:38:24.738555','https://i10e102.p.ssafy.io/images/7dc0504d-2412-43cc-98f1-1145665e7cda.jpg','images (1).jpg'),
(63,'2024-02-13 15:38:42.783911','2024-02-13 15:38:42.783911','https://i10e102.p.ssafy.io/images/ec12b420-1aae-422b-ae9a-195e78690fb3.jpg','images (1).jpg'),
(64,'2024-02-13 15:38:42.785086','2024-02-13 15:38:42.785086','https://i10e102.p.ssafy.io/images/c1d2b729-271c-4e76-a6fa-9d51a83ef30c.jpg','adfg.jpg'),
(65,'2024-02-13 15:39:22.073445','2024-02-13 15:39:22.073445','https://i10e102.p.ssafy.io/images/1cf505bb-233d-4382-a3b7-c613baac2f74.jpg','images.jpg'),
(66,'2024-02-13 15:39:22.074616','2024-02-13 15:39:22.074616','https://i10e102.p.ssafy.io/images/68371cdd-43bb-481c-a37e-f46669c38a9c.jpg','images (1).jpg'),
(67,'2024-02-13 15:39:22.075457','2024-02-13 15:39:22.075457','https://i10e102.p.ssafy.io/images/8f90fc25-488f-4cd2-a008-4f8103267cf9.jpg','adfg.jpg'),
(68,'2024-02-13 15:39:22.076374','2024-02-13 15:39:22.076374','https://i10e102.p.ssafy.io/images/ccf4e5bd-4d1d-42eb-acf4-f524dbc23980.png','사인.png'),
(69,'2024-02-13 15:39:42.428124','2024-02-13 15:39:42.428124','https://i10e102.p.ssafy.io/images/5e677838-5980-48a7-b00a-222fd700e121.jpg','images.jpg'),
(70,'2024-02-13 15:42:07.453799','2024-02-13 15:42:07.453799','https://i10e102.p.ssafy.io/images/1bef78bd-d50b-4e86-a788-b03655ad518b.jpg','images.jpg'),
(71,'2024-02-13 15:48:51.012081','2024-02-13 15:48:51.012081','https://i10e102.p.ssafy.io/images/3f9b8f23-5df6-4041-a43c-7e1f46007201.jpg','adfg.jpg'),
(72,'2024-02-13 15:50:32.839039','2024-02-13 15:50:32.839039','https://i10e102.p.ssafy.io/images/d878bd8c-906c-4529-95e5-24a0b9a17d91.jpg','images (1).jpg'),
(73,'2024-02-13 15:50:57.977464','2024-02-13 15:50:57.977464','https://i10e102.p.ssafy.io/images/cc1cd1cb-8d02-4fca-b65c-0178f7755fc3.jpg','adfg.jpg'),
(74,'2024-02-13 15:50:57.978497','2024-02-13 15:50:57.978497','https://i10e102.p.ssafy.io/images/88503e33-9d98-4d6c-a755-58804cb8feb4.jpg','images.jpg'),
(75,'2024-02-13 15:50:57.979271','2024-02-13 15:50:57.979271','https://i10e102.p.ssafy.io/images/9a424bff-2614-4434-acf4-c64371020b19.jpg','images (1).jpg'),
(76,'2024-02-13 15:52:14.791150','2024-02-13 15:52:14.791150','https://i10e102.p.ssafy.io/images/5f17b47b-0d60-41f7-b9ef-e100546a497d.jpg','images.jpg'),
(77,'2024-02-13 15:52:14.792230','2024-02-13 15:52:14.792230','https://i10e102.p.ssafy.io/images/c0d70308-01f6-44c3-880b-10e1efcbb0e4.png','사인.png'),
(78,'2024-02-13 16:09:22.890801','2024-02-13 16:09:22.890801','https://lh3.googleusercontent.com/a/ACg8ocL365dEi8DnmUsWB0E4geKjfK8ZhujNmQzdj-VXWu9gdw=s96-c','GOOGLE_104055535118173abc-013b-4e19-b07f-988dbc71b47d'),
(79,'2024-02-13 16:09:55.040902','2024-02-13 16:09:55.040902','https://i10e102.p.ssafy.io/images/200b7c38-0c43-4c5e-adc8-0aac54e8ded0.png','check.png'),
(80,'2024-02-13 23:57:29.476559','2024-02-13 23:57:29.476559','https://i10e102.p.ssafy.io/images/71554943-f190-4e21-87ad-243d48dd0495.png','defaultimage.png'),
(81,'2024-02-13 23:59:24.134920','2024-02-13 23:59:24.134920','http://k.kakaocdn.net/dn/1G9kp/btsAot8liOn/8CWudi3uy07rvFNUkk3ER0/img_110x110.jpg','KAKAO_33419508803261048f-cd42-4fb6-81c8-659fad5d1975'),
(82,'2024-02-14 00:01:37.032770','2024-02-14 00:01:37.032770','https://i10e102.p.ssafy.io/images/94e6b449-e3f0-4de4-b2ca-7042a25ad492.png','Free_Vector___Flat_design_flower_pixel_art-removebg-preview.png'),
(83,'2024-02-14 00:02:16.540027','2024-02-14 00:02:16.540027','https://i10e102.p.ssafy.io/images/56313d2d-91f9-4c5f-b60b-6d730d7a9d07.png','Free_Vector___Flat_design_flower_pixel_art-removebg-preview.png'),
(84,'2024-02-14 00:07:15.043121','2024-02-14 00:07:15.043121','https://i10e102.p.ssafy.io/images/16ca30c0-2ffa-40f3-9124-3fc6db7de0f6.png','family.png.png'),
(85,'2024-02-14 00:21:28.850747','2024-02-14 00:21:28.850747','https://i10e102.p.ssafy.io/images/602e9f8b-ac4c-4dee-b87c-051162a470a5.png','defaultimage.png'),
(86,'2024-02-14 00:21:28.881592','2024-02-14 00:21:28.881592','https://i10e102.p.ssafy.io/images/fda4e9c2-6d74-4d1b-b431-726fbfaefadd.JPG','description2.JPG'),
(87,'2024-02-14 00:21:28.882871','2024-02-14 00:21:28.882871','https://i10e102.p.ssafy.io/images/e810330c-02fc-423d-b41e-0d9b723a53b9.JPG','description1.JPG'),
(88,'2024-02-14 00:21:28.884157','2024-02-14 00:21:28.884157','https://i10e102.p.ssafy.io/images/675ff77b-f2d5-4cff-b63c-be75b421728b.PNG','description2.PNG'),
(89,'2024-02-14 00:21:28.885279','2024-02-14 00:21:28.885279','https://i10e102.p.ssafy.io/images/cbb644be-e16c-4fa5-8c4d-b165601c4fa0.PNG','description1.PNG'),
(90,'2024-02-14 00:21:28.886396','2024-02-14 00:21:28.886396','https://i10e102.p.ssafy.io/images/f414d584-c6a3-4f0b-89e4-dc7182d8f175.png','family.png.png'),
(91,'2024-02-14 00:21:28.887424','2024-02-14 00:21:28.887424','https://i10e102.p.ssafy.io/images/f681607b-16d0-4976-a377-2887ce69aa25.png','familyTree.png'),
(92,'2024-02-14 00:21:28.888678','2024-02-14 00:21:28.888678','https://i10e102.p.ssafy.io/images/b1f51a66-57ac-4be8-9179-1822b2301b71.png','제목_없음-removebg-preview.png'),
(93,'2024-02-14 00:21:28.890020','2024-02-14 00:21:28.890020','https://i10e102.p.ssafy.io/images/86ff7410-690a-4170-bef4-5bf57ef4f5e3.png','mainboard_capture (1).png'),
(94,'2024-02-14 00:29:56.575459','2024-02-14 00:29:56.575459','https://i10e102.p.ssafy.io/images/5f1d28a9-60e7-4ac7-883c-d6daefbf1cf9.png','wiki4.png'),
(95,'2024-02-14 00:29:56.576933','2024-02-14 00:29:56.576933','https://i10e102.p.ssafy.io/images/9fc6addd-9ef7-401a-9532-4631f1a76388.jpg','channels4_profile.jpg'),
(96,'2024-02-14 00:29:56.577922','2024-02-14 00:29:56.577922','https://i10e102.p.ssafy.io/images/f2d1a104-cd4e-4aac-9553-fbd5f9f01f7a.png','제목 없음.png'),
(97,'2024-02-14 00:29:56.578971','2024-02-14 00:29:56.578971','https://i10e102.p.ssafy.io/images/e79fdbaa-b64b-4072-b5e2-33b03c198cba.png','wiki4.png'),
(98,'2024-02-14 00:29:56.579926','2024-02-14 00:29:56.579926','https://i10e102.p.ssafy.io/images/6da26120-90d5-41e0-97d0-0ded95462253.jpg','channels4_profile.jpg'),
(99,'2024-02-14 00:29:56.581029','2024-02-14 00:29:56.581029','https://i10e102.p.ssafy.io/images/721213cc-33ef-411c-ba3f-bd640cbc865b.png','제목 없음.png'),
(100,'2024-02-14 00:29:56.581907','2024-02-14 00:29:56.581907','https://i10e102.p.ssafy.io/images/7062fc48-c899-4eba-a8ad-00583a1d33b8.jpg','channels4_profile.jpg'),
(101,'2024-02-14 00:29:56.582757','2024-02-14 00:29:56.582757','https://i10e102.p.ssafy.io/images/bd4dd6e9-79fd-423a-8549-1656b152d1dc.png','제목 없음.png'),
(102,'2024-02-14 00:29:56.583667','2024-02-14 00:29:56.583667','https://i10e102.p.ssafy.io/images/b6718f1c-a609-47b4-82c5-06e49beff684.png','wiki4.png'),
(103,'2024-02-14 00:29:56.584567','2024-02-14 00:29:56.584567','https://i10e102.p.ssafy.io/images/ea9ff1b8-5ac4-4ea5-8f89-e33721e0ee79.png','2991148.png'),
(104,'2024-02-14 00:30:20.680293','2024-02-14 00:30:20.680293','https://i10e102.p.ssafy.io/images/a88f493d-b56a-4a5d-84e7-8bc5036efd43.png','jenkins.png'),
(105,'2024-02-14 00:30:20.681714','2024-02-14 00:30:20.681714','https://i10e102.p.ssafy.io/images/0b47560c-bb6c-4703-8882-3a5c7afc2b33.png','jenkins2.png'),
(106,'2024-02-14 00:30:20.682639','2024-02-14 00:30:20.682639','https://i10e102.p.ssafy.io/images/e4da30c3-4594-41c1-899b-0a1083ce097e.png','img.png'),
(107,'2024-02-14 01:48:51.317599','2024-02-14 01:48:51.317599','https://i10e102.p.ssafy.io/images/9ebe16fd-da0c-4852-9b28-3e16851d08cf.png','family.png.png'),
(108,'2024-02-14 01:49:08.579087','2024-02-14 01:49:08.579087','https://i10e102.p.ssafy.io/images/a455f541-4ee4-48cb-b99f-cbcb3bd2de09.png','familyTree.png'),
(109,'2024-02-14 01:49:52.958650','2024-02-14 01:49:52.958650','https://i10e102.p.ssafy.io/images/5542d8a8-dc1e-4ad3-80d1-ff2998584e8e.png','pngwing.com.png'),
(110,'2024-02-14 01:49:53.530675','2024-02-14 01:49:53.530675','https://i10e102.p.ssafy.io/images/1289fba7-e847-46e5-bd3b-d75ee7b4de6d.png','pngwing.com.png'),
(111,'2024-02-14 01:51:02.813026','2024-02-14 01:51:02.813026','https://i10e102.p.ssafy.io/images/3466ebcd-672e-4702-9d07-ce71550ee63e.jpg','31583_25761_2213.jpg'),
(112,'2024-02-14 01:51:02.814283','2024-02-14 01:51:02.814283','https://i10e102.p.ssafy.io/images/8e95beeb-8ac5-4cf9-9951-bd88cda908bc.jpg','20230504174448.jpg'),
(113,'2024-02-14 01:51:02.815158','2024-02-14 01:51:02.815158','https://i10e102.p.ssafy.io/images/226cac47-5821-4c2b-a0c1-cc979ac54dd6.jpg','1572_3461_4333.jpg'),
(114,'2024-02-14 01:51:02.815949','2024-02-14 01:51:02.815949','https://i10e102.p.ssafy.io/images/524790e5-986e-4f9f-a954-4c031b179b37.jpg','ck-tica1140002493-l-700x467.jpg'),
(115,'2024-02-14 01:51:02.817135','2024-02-14 01:51:02.817135','https://i10e102.p.ssafy.io/images/0b5f0152-befb-4d41-8b40-ee36fb9f601d.jpg','images (2).jpg'),
(116,'2024-02-14 01:51:02.818061','2024-02-14 01:51:02.818061','https://i10e102.p.ssafy.io/images/33c79d93-2d73-4b61-83d3-1871c90bf1d9.jpg','2023011801950_0.jpg'),
(117,'2024-02-14 01:51:02.819018','2024-02-14 01:51:02.819018','https://i10e102.p.ssafy.io/images/cc1767b6-6705-4d5b-b536-ba361e1ad8c5.jpg','9791197808265.jpg'),
(118,'2024-02-14 01:51:02.819843','2024-02-14 01:51:02.819843','https://i10e102.p.ssafy.io/images/f9598b1c-5c88-41af-a62c-f50adb3e71a3.jpg','AKsKMd1KZG_88-Al33gMxw.jpg'),
(119,'2024-02-14 01:51:27.641642','2024-02-14 01:51:27.641642','https://i10e102.p.ssafy.io/images/91190320-e5d1-417e-abe1-319a1f3f1823.png','image.png'),
(120,'2024-02-14 01:52:26.693733','2024-02-14 01:52:26.693733','https://i10e102.p.ssafy.io/images/20363ae1-56e1-403d-b2d4-e862dea22d76.png','image.png'),
(121,'2024-02-14 01:59:27.220606','2024-02-14 01:59:27.220606','https://i10e102.p.ssafy.io/images/b6ec98e5-1dbc-48f7-ae36-7e766565fd8e.png','pngwing.com.png'),
(122,'2024-02-14 01:59:27.924837','2024-02-14 01:59:27.924837','https://i10e102.p.ssafy.io/images/b864d849-57e7-4d2e-8463-4f5edfd7f8e7.png','pngwing.com.png'),
(123,'2024-02-14 02:46:35.657099','2024-02-14 02:46:35.657099','https://i10e102.p.ssafy.io/images/0194b4b8-5d98-4891-b26f-f22abdcbde6d.jpg','9791197808265.jpg'),
(124,'2024-02-14 02:46:58.503918','2024-02-14 02:46:58.503918','https://i10e102.p.ssafy.io/images/f2e1c436-4871-4bea-961f-ce175b6e82af.jpg','2023011801950_0.jpg'),
(125,'2024-02-14 02:47:32.875655','2024-02-14 02:47:32.875655','https://i10e102.p.ssafy.io/images/cd2b21f2-a0e4-42bd-8ea8-ec2b9d1f7676.jpg','images (2).jpg'),
(126,'2024-02-14 03:04:18.922359','2024-02-14 03:04:18.922359','https://i10e102.p.ssafy.io/images/e569de69-74c5-4af8-bd93-d45281fa5466.png','Notion Public 설정하기.png'),
(127,'2024-02-14 03:13:02.373570','2024-02-14 03:13:02.373570','https://i10e102.p.ssafy.io/images/a29e2c7a-0771-4dd8-ad18-52e2c3ef0e57.png','sapling.png'),
(128,'2024-02-14 03:15:20.172674','2024-02-14 03:15:20.172674','https://i10e102.p.ssafy.io/images/de919231-b66b-48f9-b5e9-59379c7b143b.png','testimage4.png'),
(129,'2024-02-14 03:15:20.173944','2024-02-14 03:15:20.173944','https://i10e102.p.ssafy.io/images/8af21971-1dd9-4e0a-9291-2205f6e4fff3.png','testimage3.png'),
(130,'2024-02-14 03:15:20.174831','2024-02-14 03:15:20.174831','https://i10e102.p.ssafy.io/images/403e4471-4d9b-4683-8276-bdb996ce2a0d.JPG','description2.JPG'),
(131,'2024-02-14 03:15:20.175740','2024-02-14 03:15:20.175740','https://i10e102.p.ssafy.io/images/00b5f679-2001-4ae8-9628-c4214e68e99e.png','defaultimage.png'),
(132,'2024-02-14 03:15:20.176993','2024-02-14 03:15:20.176993','https://i10e102.p.ssafy.io/images/0195c564-b3cd-4732-9808-e008d23aeb2b.png','testimage3.png'),
(133,'2024-02-14 03:15:20.177981','2024-02-14 03:15:20.177981','https://i10e102.p.ssafy.io/images/2b7dc325-e5b5-4de6-915f-5ee2f5bd0410.png','testimage4.png'),
(134,'2024-02-14 03:16:04.802896','2024-02-14 03:16:04.802896','https://i10e102.p.ssafy.io/images/2b53a958-ebb4-4bd1-ad6a-95a9312c49e1.png','capture (2).png'),
(135,'2024-02-14 03:16:04.804309','2024-02-14 03:16:04.804309','https://i10e102.p.ssafy.io/images/d008be7d-3294-4eb5-8bd8-d83a962811bf.png','result.png'),
(136,'2024-02-14 03:16:04.805175','2024-02-14 03:16:04.805175','https://i10e102.p.ssafy.io/images/4794ac12-5da1-4142-abdb-7eae99cb521a.png','family.png.png'),
(137,'2024-02-14 03:16:04.805991','2024-02-14 03:16:04.805991','https://i10e102.p.ssafy.io/images/d04afafc-2a6e-44ad-86ca-d9efdb913f57.png','familyTree.png'),
(144,'2024-02-14 05:16:56.945635','2024-02-14 05:16:56.945635','https://i10e102.p.ssafy.io/images/926de2fc-f738-4e37-a303-01bc7b34c256.jpg','1572_3461_4333.jpg'),
(145,'2024-02-14 05:19:17.343215','2024-02-14 05:19:17.343215','https://i10e102.p.ssafy.io/images/786337f7-b927-446a-bee2-581c04dc4ea6.jpg','images (2).jpg'),
(146,'2024-02-14 05:19:28.377947','2024-02-14 05:19:28.377947','https://i10e102.p.ssafy.io/images/b59083a0-eb08-4cc0-a75a-9f81795fef82.jpg','31583_25761_2213.jpg'),
(147,'2024-02-14 05:19:43.083094','2024-02-14 05:19:43.083094','https://i10e102.p.ssafy.io/images/7b6757bc-b01e-4e3a-8033-90bc306a7a36.jpg','9791197808265.jpg'),
(148,'2024-02-14 05:28:55.332138','2024-02-14 05:28:55.332138','https://lh3.googleusercontent.com/a/ACg8ocJyePdAwsl3XUvqxDATXznFktN_37Z25KfRuyNlMTjzyY4=s96-c','GOOGLE_115290842205eb74b1-ee32-4782-aa24-03ae217e9de3'),
(149,'2024-02-14 05:29:16.521196','2024-02-14 05:29:16.521196','https://i10e102.p.ssafy.io/images/c78bcad0-ae57-43d6-a079-cc34d20e9326.jpg','내얼굴.jpg'),
(150,'2024-02-14 06:05:52.830605','2024-02-14 06:05:52.830605','https://i10e102.p.ssafy.io/images/996d7617-bf3e-4e8c-bd3e-c3c345dbbf25.png','image.png'),
(151,'2024-02-14 06:06:50.797360','2024-02-14 06:06:50.797360','https://i10e102.p.ssafy.io/images/a0927cb7-0a45-4dd6-9c60-c8ef65736450.png','testimage4.png'),
(152,'2024-02-14 06:07:37.636351','2024-02-14 06:07:37.636351','https://i10e102.p.ssafy.io/images/de7a93d0-9138-46e8-85c9-d8b2074418a4.jpg','chunsik.jpg'),
(153,'2024-02-14 06:08:33.646045','2024-02-14 06:08:33.646045','https://i10e102.p.ssafy.io/images/a6c45ac4-73bd-4c08-9e68-3ec591a88373.png','maintree.png'),
(154,'2024-02-14 06:09:46.748253','2024-02-14 06:09:46.748253','https://i10e102.p.ssafy.io/images/51357333-009f-42c7-9887-1cca59a626bb.png','testimage4.png'),
(155,'2024-02-14 06:09:54.305988','2024-02-14 06:09:54.305988','https://i10e102.p.ssafy.io/images/ce20cb96-1493-4c36-b35d-c94cc0c6a171.png','community.png'),
(156,'2024-02-14 06:10:31.741705','2024-02-14 06:10:31.741705','https://i10e102.p.ssafy.io/images/2455760d-fcd3-4c19-b466-006e98056a81.png','capture (1).png'),
(157,'2024-02-14 06:10:33.269436','2024-02-14 06:10:33.269436','https://i10e102.p.ssafy.io/images/a1f6309d-f280-47cc-878a-c47604295bdb.png','image.png'),
(158,'2024-02-14 06:10:33.270884','2024-02-14 06:10:33.270884','https://i10e102.p.ssafy.io/images/577478b3-524e-41bb-9002-328a1cdb3f48.jpg','chunsik.jpg'),
(159,'2024-02-14 06:10:45.808701','2024-02-14 06:10:45.808701','https://i10e102.p.ssafy.io/images/ba62f835-bfd2-4ffa-b39a-574014b72b10.png','screenshot (2).png'),
(160,'2024-02-14 06:10:59.806998','2024-02-14 06:10:59.806998','https://i10e102.p.ssafy.io/images/8a82544c-c3dc-4853-9982-4ebc5e2c51d7.png','testimage4.png'),
(161,'2024-02-14 06:11:15.432226','2024-02-14 06:11:15.432226','https://i10e102.p.ssafy.io/images/137aa15a-787c-48c3-b61c-42deb775c1de.png','familyTree.png'),
(162,'2024-02-14 06:11:24.887851','2024-02-14 06:11:24.887851','https://i10e102.p.ssafy.io/images/d1ca5df9-ebb5-41d1-9eb8-3af32e21e38e.png','testimage4.png'),
(163,'2024-02-14 06:11:36.896515','2024-02-14 06:11:36.896515','https://i10e102.p.ssafy.io/images/67f06abe-505f-4d5e-85b2-902380b2d7f0.png','capture.png'),
(164,'2024-02-14 08:12:13.278482','2024-02-14 08:12:13.278482','https://i10e102.p.ssafy.io/images/a251a87f-7b64-4ed2-af2d-7a3a4723615d.jpg','내얼굴.jpg'),
(165,'2024-02-14 08:25:58.306757','2024-02-14 08:25:58.306757','https://i10e102.p.ssafy.io/images/a8663c74-d1c8-4c0c-b395-3ab63c658383.png','히미의+아이캔두잇+배경화면.png'),
(166,'2024-02-14 08:29:56.767218','2024-02-14 08:29:56.767218','https://i10e102.p.ssafy.io/images/7a9a22fa-7307-49e6-9c6f-3579dcf34864.jpeg','9ff877e41cba8e94c2784a0d0cf40dbc_res (2).jpeg'),
(167,'2024-02-14 08:32:42.252490','2024-02-14 08:32:42.252490','https://i10e102.p.ssafy.io/images/f0d0e9e3-aad3-4c56-bff6-6d3522e2fce9.png','image.png'),
(168,'2024-02-14 08:33:22.871274','2024-02-14 08:33:22.871274','https://i10e102.p.ssafy.io/images/567f3992-f889-432e-946c-3cf26b3c9ff5.jpg','7362B2AA-1368-4E55-BD74-1BCC70F61E9F.jpg'),
(169,'2024-02-14 08:35:04.102762','2024-02-14 08:35:04.102762','https://i10e102.p.ssafy.io/images/fd878465-b2d3-4ff4-aeba-db22834546cf.jpg','chun.jpg'),
(170,'2024-02-14 15:12:17.719249','2024-02-14 15:12:17.719249','https://i10e102.p.ssafy.io/images/6adcb001-a8be-469f-99e4-6e2ba5f6ffdc.png','꽃2-removebg-preview.png'),
(171,'2024-02-14 15:13:14.415216','2024-02-14 15:13:14.415216','https://i10e102.p.ssafy.io/images/0a6abfc6-6563-427b-af05-de696e0e32d0.png','제목 없음.png'),
(172,'2024-02-15 01:55:12.642586','2024-02-15 01:55:12.642586','https://i10e102.p.ssafy.io/images/83fb9e11-ae34-404c-81f2-ded96ee1e163.jpg','AKsKMd1KZG_88-Al33gMxw.jpg'),
(173,'2024-02-15 02:12:47.818136','2024-02-15 02:12:47.818136','https://i10e102.p.ssafy.io/images/5d30a6d3-964d-4473-8882-d10c3437b4b1.png','familyTree.png'),
(174,'2024-02-15 03:30:23.547248','2024-02-15 03:30:23.547248','https://i10e102.p.ssafy.io/images/48d97e59-62a1-41d8-ba46-8f87f698a4cb.jpg','woman-1868817_1280.jpg'),
(175,'2024-02-15 03:37:42.233848','2024-02-15 03:37:42.233848','https://i10e102.p.ssafy.io/images/4fe9c4e9-3648-46bd-966f-4a98c60caa9d.jpg','chunsik.jpg'),
(176,'2024-02-15 03:44:31.174670','2024-02-15 03:44:31.174670','http://k.kakaocdn.net/dn/1G9kp/btsAot8liOn/8CWudi3uy07rvFNUkk3ER0/img_110x110.jpg','KAKAO_3327414874f9c6d7f8-9f57-4173-8f0d-308d8664fb10'),
(177,'2024-02-15 03:46:28.230027','2024-02-15 03:46:28.230027','https://i10e102.p.ssafy.io/images/a21fa031-ccbd-4082-a17c-b14bfc2655db.jpg','은우.jpg'),
(178,'2024-02-15 03:47:27.178850','2024-02-15 03:47:27.178850','https://i10e102.p.ssafy.io/images/fcf37a2f-1985-4c7c-a99e-195d3f2b541a.jpg','은우.jpg'),
(179,'2024-02-15 03:47:45.761328','2024-02-15 03:47:45.761328','https://i10e102.p.ssafy.io/images/5f60e916-f5fc-4de6-b3e2-206f88c2c2a9.jpg','은우.jpg'),
(180,'2024-02-15 05:01:06.647540','2024-02-15 05:01:06.647540','https://i10e102.p.ssafy.io/images/b9215b61-ae3d-4e69-9009-2e6e49a9f736.jpg','은우.jpg'),
(181,'2024-02-15 05:09:27.972235','2024-02-15 05:09:27.972235','http://k.kakaocdn.net/dn/1G9kp/btsAot8liOn/8CWudi3uy07rvFNUkk3ER0/img_110x110.jpg','KAKAO_3322362577ef92c6f2-9abd-466b-ab83-d1cefa55f56a'),
(182,'2024-02-15 05:09:42.959679','2024-02-15 05:09:42.959679','https://i10e102.p.ssafy.io/images/3135b53d-a97a-4d27-a6c5-0dc320cdcc08.jpg','chunsik.jpg'),
(183,'2024-02-15 05:33:05.557651','2024-02-15 05:33:05.557651','http://k.kakaocdn.net/dn/1G9kp/btsAot8liOn/8CWudi3uy07rvFNUkk3ER0/img_110x110.jpg','KAKAO_33447715204b55d48b-65ec-4228-9d19-e0da4f819182'),
(184,'2024-02-15 05:33:27.117788','2024-02-15 05:33:27.117788','https://i10e102.p.ssafy.io/images/6e34c402-84b1-4cbe-bc0a-848d5794aa29.jpg','goyang.jpg'),
(185,'2024-02-15 05:35:08.109164','2024-02-15 05:35:08.109164','https://i10e102.p.ssafy.io/images/b851dbb0-dcc5-4e4e-99b8-91aed65ccf51.png','testimage4.png'),
(186,'2024-02-15 05:35:18.852246','2024-02-15 05:35:18.852246','https://i10e102.p.ssafy.io/images/5f11b0d1-76da-4044-9131-3bad7157b813.jpg','chunsik.jpg'),
(187,'2024-02-15 05:35:23.775341','2024-02-15 05:35:23.775341','https://i10e102.p.ssafy.io/images/63a5857d-854b-45cb-bf46-bb5eacb14604.png','1123123.png'),
(188,'2024-02-15 05:35:29.702810','2024-02-15 05:35:29.702810','https://i10e102.p.ssafy.io/images/9562c7ef-56d0-469e-b744-d23c1a88d25e.png','intro3.png'),
(189,'2024-02-15 05:36:12.318847','2024-02-15 05:36:12.318847','https://i10e102.p.ssafy.io/images/b4b00a31-c5f1-4bfe-868e-24d2cc754be8.jpg','chun.jpg'),
(190,'2024-02-15 06:29:44.372610','2024-02-15 06:29:44.372610','https://i10e102.p.ssafy.io/images/4d549d54-8a3c-497d-8300-9c485b8b9894.jpeg','9ff877e41cba8e94c2784a0d0cf40dbc_res (3).jpeg'),
(191,'2024-02-15 06:31:01.016068','2024-02-15 06:31:01.016068','https://i10e102.p.ssafy.io/images/1e732daf-68e3-407b-908e-1b447071aa65.jpeg','9ff877e41cba8e94c2784a0d0cf40dbc_res (2).jpeg'),
(192,'2024-02-15 06:31:38.355972','2024-02-15 06:31:38.355972','https://i10e102.p.ssafy.io/images/a57bffed-0cc5-454e-bb51-7573b091ce20.jpeg','9ff877e41cba8e94c2784a0d0cf40dbc_res (2).jpeg'),
(193,'2024-02-15 06:31:38.357136','2024-02-15 06:31:38.357136','https://i10e102.p.ssafy.io/images/a30d64c5-7056-443a-8ed1-125051b446f8.jpeg','9ff877e41cba8e94c2784a0d0cf40dbc_res.jpeg'),
(194,'2024-02-15 06:31:38.358009','2024-02-15 06:31:38.358009','https://i10e102.p.ssafy.io/images/6006db70-0fc4-4d6e-b5f7-a4845110e4f4.png','signature.png'),
(195,'2024-02-15 06:34:28.804528','2024-02-15 06:34:28.804528','https://i10e102.p.ssafy.io/images/43a1f98a-05df-4446-8452-7a6bc5eed7dd.png','signature.png'),
(196,'2024-02-15 06:34:28.805580','2024-02-15 06:34:28.805580','https://i10e102.p.ssafy.io/images/cc66a038-088f-4c4f-9dd2-7f639d46d686.jfif','IMG_3467.jfif'),
(197,'2024-02-15 07:05:36.635323','2024-02-15 07:05:36.635323','http://k.kakaocdn.net/dn/1G9kp/btsAot8liOn/8CWudi3uy07rvFNUkk3ER0/img_110x110.jpg','KAKAO_3344915259573f3f2b-4072-4a20-810d-b25a84cf3361'),
(198,'2024-02-15 07:54:58.327478','2024-02-15 07:54:58.327478','https://i10e102.p.ssafy.io/images/d237c318-9fc4-4076-9c46-3bec8f5f306e.png','나무.png'),
(199,'2024-02-15 08:15:24.719519','2024-02-15 08:15:24.719519','https://i10e102.p.ssafy.io/images/66e1a842-df50-4094-8313-aa6b7feea27b.png','images.png'),
(200,'2024-02-15 18:42:38.000000','2024-02-15 18:42:38.000000','https://i10e102.p.ssafy.io/images/6194d4aa-a358-4ff7-94bd-2ce55c183aa2.jpg','peppermint.jpg'),
(201,'2024-02-15 18:42:40.000000','2024-02-15 18:42:40.000000','https://i10e102.p.ssafy.io/images/7115ddb1-e0da-4f5a-8956-821b04cf3dff.jpg','effelTower.jpg'),
(202,'2024-02-15 19:05:43.000000','2024-02-15 19:05:43.000000','https://i10e102.p.ssafy.io/images/e9351442-e3dc-4030-9a04-bf1ca49afe98.jpg','davidVia.jpg'),
(203,'2024-02-15 19:05:43.000000','2024-02-15 19:05:43.000000','https://i10e102.p.ssafy.io/images/b1ec26c3-91f2-46e2-8a6a-20c376d64037.jpg','ramos.jpg'),
(204,'2024-02-15 19:05:43.000000','2024-02-15 19:05:43.000000','https://i10e102.p.ssafy.io/images/beed383f-32f7-419b-aa78-e1df5b5422c2.jpg','iniesta.jpg'),
(205,'2024-02-15 19:05:43.000000','2024-02-15 19:05:43.000000','https://i10e102.p.ssafy.io/images/72d0d500-7e01-4396-900f-7b891f41a326.jpg','xavi.jpg'),
(206,'2024-02-15 19:05:43.000000','2024-02-15 19:05:43.000000','https://i10e102.p.ssafy.io/images/fb8fc8a8-29b6-45dc-bdc7-98f15c2bad85.jpg','davidSilva.jpg'),
(207,'2024-02-15 19:05:43.000000','2024-02-15 19:05:43.000000','https://i10e102.p.ssafy.io/images/3ce3b6f7-2ee5-4403-99d0-541ebea8dc9c.jpg','messi.jpg'),
(208,'2024-02-15 19:05:43.000000','2024-02-15 19:05:43.000000','https://i10e102.p.ssafy.io/images/ba0a4fc3-6fef-4236-b970-ec79460c2894.jpg','crespo.jpg'),
(209,'2024-02-15 19:05:43.000000','2024-02-15 19:05:43.000000','https://i10e102.p.ssafy.io/images/a51e76e5-7095-4221-b447-ade39c56da26.jpg','diMaria.jpg'),
(210,'2024-02-15 19:05:43.000000','2024-02-15 19:05:43.000000','https://i10e102.p.ssafy.io/images/456bd81a-fb1e-4c7d-91e9-151539bf524f.jpg','romero.jpg'),
(211,'2024-02-15 19:05:43.000000','2024-02-15 19:05:43.000000','https://i10e102.p.ssafy.io/images/1ac89a20-35b6-4440-9c3a-68bfe3b7f50e.jpg','maradona.jpg'),
(212,'2024-02-15 17:23:39.054996','2024-02-15 17:23:39.054996','https://lh3.googleusercontent.com/a/ACg8ocLXTP3CVJhReg70fNPKqnU05yXofOQfQvQGdlmoRVZZ=s96-c','GOOGLE_1001198298deea6b58-21e3-414e-926a-7eec20bec360'),
(213,'2024-02-15 18:04:30.455316','2024-02-15 18:04:30.455316','https://lh3.googleusercontent.com/a/ACg8ocKTaWKTPHa4JVdi7jV5Ve3xOtZJmudV7RrBGid5pQY=s96-c','GOOGLE_10660644977a229e61-64d1-48a9-8de8-5e253d7423ea'),
(214,'2024-02-15 18:06:47.192560','2024-02-15 18:06:47.192560','https://i10e102.p.ssafy.io/images/40cd6620-98d9-4c0d-b4a0-22f723771c7f.jpg','사진.jpg'),
(215,'2024-02-15 23:37:36.801095','2024-02-15 23:37:36.801095','https://i10e102.p.ssafy.io/images/06c76903-e971-49fe-b655-f695d8365c56.png','jenkins.png'),
(216,'2024-02-16 00:05:14.668627','2024-02-16 00:05:14.668627','https://i10e102.p.ssafy.io/images/c8a5f949-4f4a-494f-88a6-e14d1ea22811.png','images.png'),
(217,'2024-02-16 00:05:14.671869','2024-02-16 00:05:14.671869','https://i10e102.p.ssafy.io/images/508ff0cb-9f79-4c2b-8b24-00f5c94a4b17.jpg','chunsik.jpg'),
(218,'2024-02-16 00:05:14.672734','2024-02-16 00:05:14.672734','https://i10e102.p.ssafy.io/images/0a90923c-a52a-4f49-846a-8f21359aa9f1.jpg','chun.jpg'),
(219,'2024-02-16 00:05:14.673610','2024-02-16 00:05:14.673610','https://i10e102.p.ssafy.io/images/4b86e0b5-4a48-474c-a9d5-5bf6f260702a.jpg','chunsik.jpg'),
(220,'2024-02-16 00:25:17.541085','2024-02-16 00:25:17.541085','https://i10e102.p.ssafy.io/images/1549929c-3449-4ec9-a439-d9118894c387.jpg','images.jpg'),
(221,'2024-02-16 00:25:17.542155','2024-02-16 00:25:17.542155','https://i10e102.p.ssafy.io/images/2ebebdd6-62e3-46ec-b946-7a6ef4ef8c38.jpg','download.jpg'),
(222,'2024-02-16 00:25:17.542862','2024-02-16 00:25:17.542862','https://i10e102.p.ssafy.io/images/46a566c3-e08d-4368-a19b-4c08c2b3b420.png','images (1).png'),
(223,'2024-02-16 00:33:42.390820','2024-02-16 00:33:42.390820','https://i10e102.p.ssafy.io/images/06d52838-e08b-4dbe-be82-d7054d68662c.jpg','1.jpg'),
(224,'2024-02-16 00:33:42.392128','2024-02-16 00:33:42.392128','https://i10e102.p.ssafy.io/images/5b845b28-7190-49ef-955f-6839fe6f6432.png','2.png'),
(225,'2024-02-16 00:33:42.392794','2024-02-16 00:33:42.392794','https://i10e102.p.ssafy.io/images/8115f900-61cb-429a-878d-d8308d4a3b03.png','3.png'),
(226,'2024-02-16 00:33:42.393460','2024-02-16 00:33:42.393460','https://i10e102.p.ssafy.io/images/cce79093-4354-4f1c-b0bd-39939fa43ff2.jpg','images.jpg'),
(227,'2024-02-16 01:13:32.269978','2024-02-16 01:13:32.269978','https://lh3.googleusercontent.com/a/ACg8ocLprJC7g_ltJ7hVwvibIHO4SIFija0k0B8BRyXght-L=s96-c','GOOGLE_1135871245d5f3a654-46c2-4f2a-9f69-49843ac63de1'),
(228,'2024-02-16 01:14:03.309687','2024-02-16 01:14:03.309687','https://i10e102.p.ssafy.io/images/47934ee1-dc00-49fe-9361-d9c628082135.png','골라쥬.png'),
(229,'2024-02-16 01:14:53.070969','2024-02-16 01:14:53.070969','https://lh3.googleusercontent.com/a/ACg8ocLPSBjoVzHjEvqywpNty8tA1zzlcYcveX_9RMjBZEKm=s96-c','GOOGLE_101873756469f3fea7-99dc-462a-9ac7-4a05cd3f9b8d');
/*!40000 ALTER TABLE `image` ENABLE KEYS */;
UNLOCK TABLES;

--
-- Table structure for table `image_card`
--

DROP TABLE IF EXISTS `image_card`;
/*!40101 SET @saved_cs_client     = @@character_set_client */;
/*!40101 SET character_set_client = utf8 */;
CREATE TABLE `image_card` (
  `id` bigint(20) NOT NULL AUTO_INCREMENT,
  `created_at` datetime(6) DEFAULT NULL,
  `last_edited_at` datetime(6) DEFAULT NULL,
  `description` varchar(255) DEFAULT NULL,
  `image_id` bigint(20) DEFAULT NULL,
  `record_id` bigint(20) DEFAULT NULL,
  PRIMARY KEY (`id`),
  KEY `FKsrhluai58ctkqo2tusmwt1tak` (`image_id`),
  KEY `FKcx8e3qj4j8gbykst40ilsswqf` (`record_id`),
  CONSTRAINT `FKcx8e3qj4j8gbykst40ilsswqf` FOREIGN KEY (`record_id`) REFERENCES `record` (`id`),
  CONSTRAINT `FKsrhluai58ctkqo2tusmwt1tak` FOREIGN KEY (`image_id`) REFERENCES `image` (`id`)
) ENGINE=InnoDB AUTO_INCREMENT=112 DEFAULT CHARSET=utf8mb4 COLLATE=utf8mb4_general_ci;
/*!40101 SET character_set_client = @saved_cs_client */;

--
-- Dumping data for table `image_card`
--

LOCK TABLES `image_card` WRITE;
/*!40000 ALTER TABLE `image_card` DISABLE KEYS */;
INSERT INTO `image_card` VALUES
(1,'2024-02-09 06:34:31.300695','2024-02-09 06:34:31.324171','gd',3,1),
(2,'2024-02-13 06:31:25.258595','2024-02-13 06:31:25.269479','초원 히히',29,7),
(3,'2024-02-13 06:31:25.261726','2024-02-13 06:31:25.269625','미키키키',30,7),
(4,'2024-02-13 06:31:25.262759','2024-02-13 06:31:25.269714','본인사인',31,7),
(5,'2024-02-13 07:05:40.647207','2024-02-13 07:05:40.657901','이미지 테스트',37,8),
(6,'2024-02-13 07:05:40.650269','2024-02-13 07:05:40.658012','올라가냐',38,8),
(7,'2024-02-13 08:36:44.049770','2024-02-13 08:36:44.074971','123123',43,9),
(8,'2024-02-13 13:23:20.546864','2024-02-13 13:23:20.554375','ss',47,10),
(9,'2024-02-13 13:23:20.547810','2024-02-13 13:23:20.554494','zz',48,10),
(10,'2024-02-13 15:38:24.741227','2024-02-13 15:38:24.765772','2',62,86),
(11,'2024-02-13 15:38:42.786132','2024-02-13 15:38:42.794996','22',63,87),
(12,'2024-02-13 15:38:42.787466','2024-02-13 15:38:42.795172','11',64,87),
(13,'2024-02-13 15:39:22.077593','2024-02-13 15:39:22.088405','22',65,88),
(14,'2024-02-13 15:39:22.078686','2024-02-13 15:39:22.088746','.33',66,88),
(15,'2024-02-13 15:39:22.079810','2024-02-13 15:39:22.088902','...',67,88),
(16,'2024-02-13 15:39:22.080901','2024-02-13 15:39:22.089031','111',68,88),
(17,'2024-02-13 15:39:42.429415','2024-02-13 15:39:42.434596','22',69,89),
(18,'2024-02-13 15:42:07.455051','2024-02-13 15:42:07.461155','11',70,90),
(19,'2024-02-13 15:50:32.840171','2024-02-13 15:50:32.844886','있었는데 이상하다...',72,91),
(20,'2024-02-13 15:50:57.980175','2024-02-13 15:50:57.985811','잘뜨면서',73,92),
(21,'2024-02-13 15:50:57.980988','2024-02-13 15:50:57.985917','왜 이런 ',74,92),
(22,'2024-02-13 15:50:57.981947','2024-02-13 15:50:57.986002','짓을 하는 걸까',75,92),
(23,'2024-02-13 15:52:14.793246','2024-02-13 15:52:14.799636','이제계속',76,93),
(24,'2024-02-13 15:52:14.794112','2024-02-13 15:52:14.799730','뜰거지?',77,93),
(25,'2024-02-13 23:57:29.477694','2024-02-13 23:57:29.481069','올라가냐',80,95),
(26,'2024-02-14 00:21:28.893236','2024-02-14 00:21:28.946394','1',85,96),
(27,'2024-02-14 00:21:28.897335','2024-02-14 00:21:28.946581','2',86,96),
(28,'2024-02-14 00:21:28.898658','2024-02-14 00:21:28.946738','3',87,96),
(29,'2024-02-14 00:21:28.899907','2024-02-14 00:21:28.946931','4',88,96),
(30,'2024-02-14 00:21:28.901831','2024-02-14 00:21:28.947269','5',89,96),
(31,'2024-02-14 00:21:28.904792','2024-02-14 00:21:28.947467','6',90,96),
(32,'2024-02-14 00:21:28.906204','2024-02-14 00:21:28.947898','7',91,96),
(33,'2024-02-14 00:21:28.907391','2024-02-14 00:21:28.948092','8',92,96),
(34,'2024-02-14 00:21:28.908690','2024-02-14 00:21:28.948282','9',93,96),
(35,'2024-02-14 00:29:56.585719','2024-02-14 00:29:56.603919','1',94,122),
(36,'2024-02-14 00:29:56.586767','2024-02-14 00:29:56.604048','2',95,122),
(37,'2024-02-14 00:29:56.587884','2024-02-14 00:29:56.604201','3',96,122),
(38,'2024-02-14 00:29:56.588903','2024-02-14 00:29:56.604320','4',97,122),
(39,'2024-02-14 00:29:56.590199','2024-02-14 00:29:56.604436','5',98,122),
(40,'2024-02-14 00:29:56.591246','2024-02-14 00:29:56.604547','6',99,122),
(41,'2024-02-14 00:29:56.594312','2024-02-14 00:29:56.604679','7',100,122),
(42,'2024-02-14 00:29:56.595275','2024-02-14 00:29:56.604808','8',101,122),
(43,'2024-02-14 00:29:56.596280','2024-02-14 00:29:56.604921','9',102,122),
(44,'2024-02-14 00:29:56.597293','2024-02-14 00:29:56.605034','10',103,122),
(45,'2024-02-14 00:30:20.686482','2024-02-14 00:30:20.695069','z',104,123),
(46,'2024-02-14 00:30:20.688610','2024-02-14 00:30:20.695192','x',105,123),
(47,'2024-02-14 00:30:20.689703','2024-02-14 00:30:20.695303','c',106,123),
(48,'2024-02-14 01:49:08.581669','2024-02-14 01:49:08.604676','올라가냐',108,144),
(49,'2024-02-14 01:49:52.960228','2024-02-14 01:49:52.965757','사진 올라간다',109,145),
(50,'2024-02-14 01:49:53.532233','2024-02-14 01:49:53.537586','사진 올라간다',110,146),
(51,'2024-02-14 01:51:02.820833','2024-02-14 01:51:02.835487','간단 가족',111,147),
(52,'2024-02-14 01:51:02.822490','2024-02-14 01:51:02.835600','노을 가족',112,147),
(53,'2024-02-14 01:51:02.825079','2024-02-14 01:51:02.835699','찰흙 가족',113,147),
(54,'2024-02-14 01:51:02.826024','2024-02-14 01:51:02.835793','행복 가족',114,147),
(55,'2024-02-14 01:51:02.826942','2024-02-14 01:51:02.835898','초원 사진',115,147),
(56,'2024-02-14 01:51:02.827898','2024-02-14 01:51:02.836018','육각 가족',116,147),
(57,'2024-02-14 01:51:02.828823','2024-02-14 01:51:02.836116','인싸 가족',117,147),
(58,'2024-02-14 01:51:02.829731','2024-02-14 01:51:02.836218','괴짜 가족',118,147),
(59,'2024-02-14 01:52:26.694956','2024-02-14 01:52:26.699085','같이 놀러갔다 온 날 !',120,149),
(60,'2024-02-14 01:59:27.225625','2024-02-14 01:59:27.232282','123123',121,155),
(61,'2024-02-14 01:59:27.926398','2024-02-14 01:59:27.931722','123123',122,156),
(62,'2024-02-14 02:47:32.878394','2024-02-14 02:47:32.902558','안녕',125,158),
(63,'2024-02-14 03:15:20.180654','2024-02-14 03:15:20.212733','1',128,161),
(64,'2024-02-14 03:15:20.184376','2024-02-14 03:15:20.212856','1',129,161),
(65,'2024-02-14 03:15:20.185273','2024-02-14 03:15:20.212952','1',130,161),
(66,'2024-02-14 03:15:20.186179','2024-02-14 03:15:20.213042','1',131,161),
(67,'2024-02-14 03:15:20.187090','2024-02-14 03:15:20.213160','1',132,161),
(68,'2024-02-14 03:15:20.187949','2024-02-14 03:15:20.213253','1',133,161),
(69,'2024-02-14 03:16:04.806802','2024-02-14 03:16:04.813869','1',134,162),
(70,'2024-02-14 03:16:04.807729','2024-02-14 03:16:04.813981','1',135,162),
(71,'2024-02-14 03:16:04.808784','2024-02-14 03:16:04.814070','1',136,162),
(72,'2024-02-14 03:16:04.809718','2024-02-14 03:16:04.814153','1',137,162),
(74,'2024-02-14 06:10:33.273077','2024-02-14 06:10:33.296881','춘식이랑 놀러간 날',157,171),
(75,'2024-02-14 06:10:33.276534','2024-02-14 06:10:33.296995','계속 놀고싶다.',158,171),
(76,'2024-02-14 15:13:14.418513','2024-02-14 15:13:14.425026','ㅅㄷㄴㅅ',171,178),
(77,'2024-02-15 03:30:23.552342','2024-02-15 03:30:23.561166','사진으로 기록을 남기세요',174,185),
(78,'2024-02-15 03:47:27.180026','2024-02-15 03:47:27.183861','ㅇㅇㅇㅇ',178,186),
(79,'2024-02-15 03:47:45.762542','2024-02-15 03:47:45.765852','',179,188),
(80,'2024-02-15 05:01:06.648722','2024-02-15 05:01:06.652205','dfdf',180,189),
(81,'2024-02-15 05:35:08.111613','2024-02-15 05:35:08.118038','ㅋㅋ',185,202),
(82,'2024-02-15 05:35:18.853472','2024-02-15 05:35:18.857111','춘식',186,203),
(83,'2024-02-15 05:36:12.319996','2024-02-15 05:36:12.323405','귀여움',189,204),
(84,'2024-02-15 06:31:38.360210','2024-02-15 06:31:38.386515','',192,206),
(85,'2024-02-15 06:31:38.363437','2024-02-15 06:31:38.386627','',193,206),
(86,'2024-02-15 06:31:38.364338','2024-02-15 06:31:38.386716','',194,206),
(87,'2024-02-15 06:34:28.806486','2024-02-15 06:34:28.811463','',195,210),
(88,'2024-02-15 06:34:28.807392','2024-02-15 06:34:28.811571','',196,210),
(89,'2024-02-15 18:44:17.000000','2024-02-15 18:44:17.000000','나 다시 돌아갈래!',200,214),
(90,'2024-02-15 18:44:18.000000','2024-02-15 18:44:18.000000','프랑스 파리로!',201,214),
(91,'2024-02-15 19:07:18.000000','2024-02-15 19:07:18.000000','메시',207,215),
(92,'2024-02-15 19:07:18.000000','2024-02-15 19:07:18.000000','크레스포',208,215),
(93,'2024-02-15 19:07:18.000000','2024-02-15 19:07:18.000000','디마리아',209,215),
(94,'2024-02-15 19:07:18.000000','2024-02-15 19:07:18.000000','로메로',210,215),
(95,'2024-02-15 19:07:18.000000','2024-02-15 19:07:18.000000','마라도나',211,215),
(96,'2024-02-15 19:09:02.000000','2024-02-15 19:09:02.000000','다비드 비야',202,216),
(97,'2024-02-15 19:09:02.000000','2024-02-15 19:09:02.000000','세르히오 라모스',203,216),
(98,'2024-02-15 19:09:02.000000','2024-02-15 19:09:02.000000','이니에스타',204,216),
(99,'2024-02-15 19:09:02.000000','2024-02-15 19:09:02.000000','사비 알론소',205,216),
(100,'2024-02-15 19:09:04.000000','2024-02-15 19:09:04.000000','다비드 실바',206,216),
(101,'2024-02-16 00:05:14.676083','2024-02-16 00:05:14.705543','귀여운',216,217),
(102,'2024-02-16 00:05:14.679679','2024-02-16 00:05:14.705667','춘식이',217,217),
(103,'2024-02-16 00:05:14.680653','2024-02-16 00:05:14.705768','귀여운',218,217),
(104,'2024-02-16 00:05:14.681611','2024-02-16 00:05:14.705868','춘식이',219,217),
(105,'2024-02-16 00:25:17.543654','2024-02-16 00:25:17.548673','귀여운',220,219),
(106,'2024-02-16 00:25:17.544533','2024-02-16 00:25:17.548757','라이언',221,219),
(107,'2024-02-16 00:25:17.545273','2024-02-16 00:25:17.548824','입니다.',222,219),
(108,'2024-02-16 00:33:42.394195','2024-02-16 00:33:42.399468','최',223,220),
(109,'2024-02-16 00:33:42.394959','2024-02-16 00:33:42.399555','고',224,220),
(110,'2024-02-16 00:33:42.395630','2024-02-16 00:33:42.399614','심',225,220),
(111,'2024-02-16 00:33:42.396320','2024-02-16 00:33:42.399679','짱',226,220);
/*!40000 ALTER TABLE `image_card` ENABLE KEYS */;
UNLOCK TABLES;

--
-- Table structure for table `member`
--

DROP TABLE IF EXISTS `member`;
/*!40101 SET @saved_cs_client     = @@character_set_client */;
/*!40101 SET character_set_client = utf8 */;
CREATE TABLE `member` (
  `id` bigint(20) NOT NULL AUTO_INCREMENT,
  `created_at` datetime(6) DEFAULT NULL,
  `last_edited_at` datetime(6) DEFAULT NULL,
  `nickname` varchar(16) DEFAULT NULL,
  `password` varchar(32) DEFAULT NULL,
  `username` varchar(32) DEFAULT NULL,
  `profile_pic_id` bigint(20) DEFAULT NULL,
  PRIMARY KEY (`id`),
  UNIQUE KEY `UK_s9ow3kw6f1fyk08a6o9f6mkgo` (`profile_pic_id`),
  CONSTRAINT `FKpk399pb8epv7df0scprf990v1` FOREIGN KEY (`profile_pic_id`) REFERENCES `image` (`id`)
) ENGINE=InnoDB AUTO_INCREMENT=24 DEFAULT CHARSET=utf8mb4 COLLATE=utf8mb4_general_ci;
/*!40101 SET character_set_client = @saved_cs_client */;

--
-- Dumping data for table `member`
--

LOCK TABLES `member` WRITE;
/*!40000 ALTER TABLE `member` DISABLE KEYS */;
INSERT INTO `member` VALUES
(1,'2024-02-09 06:32:48.874550','2024-02-15 01:59:15.084931','치명적매력민준',NULL,'GOOGLE_1054896398',1),
(2,'2024-02-09 08:15:23.340826','2024-02-15 01:58:02.020656','구본웅',NULL,'GOOGLE_1061764152',4),
(3,'2024-02-12 14:34:57.088001','2024-02-12 14:34:57.088001','사용자 닉네임',NULL,'GOOGLE_1026878133',8),
(4,'2024-02-12 14:38:57.817875','2024-02-12 14:38:57.817875','사용자 닉네임',NULL,'GOOGLE_1092644166',10),
(5,'2024-02-13 00:08:06.131749','2024-02-15 02:20:58.948369','서준하입니다!',NULL,'GOOGLE_1061068152',11),
(6,'2024-02-13 02:16:23.110371','2024-02-13 02:16:23.110371','사용자 닉네임',NULL,'GOOGLE_1100262641',13),
(7,'2024-02-13 02:17:25.263176','2024-02-13 02:17:25.263176','강민준',NULL,'KAKAO_3297747637',14),
(8,'2024-02-13 02:20:00.879831','2024-02-15 02:06:32.692058','김동영',NULL,'GOOGLE_1105623497',15),
(9,'2024-02-13 02:20:30.858907','2024-02-15 01:57:55.408460','장지민',NULL,'GOOGLE_1157454293',17),
(10,'2024-02-13 03:00:50.950161','2024-02-13 13:59:36.459773','서현석',NULL,'GOOGLE_1006564212',20),
(11,'2024-02-13 06:12:18.624396','2024-02-13 06:12:18.624396','사용자 닉네임',NULL,'GOOGLE_1018137278',25),
(12,'2024-02-13 08:23:07.080163','2024-02-13 08:24:23.141869','test',NULL,'KAKAO_3299976555',39),
(13,'2024-02-13 16:09:22.888507','2024-02-13 16:09:22.888507','사용자 닉네임',NULL,'GOOGLE_1040555351',78),
(14,'2024-02-13 23:59:24.134751','2024-02-13 23:59:24.134751','김민정',NULL,'KAKAO_3341950880',81),
(15,'2024-02-14 05:28:55.331671','2024-02-14 05:28:55.331671','사용자 닉네임',NULL,'GOOGLE_1152908422',148),
(16,'2024-02-15 03:44:31.172257','2024-02-15 07:59:11.170020','박수빈입니다',NULL,'KAKAO_3327414874',176),
(17,'2024-02-15 05:09:27.968763','2024-02-15 05:09:27.968763','김동영',NULL,'KAKAO_3322362577',181),
(18,'2024-02-15 05:33:05.557442','2024-02-15 05:33:05.557442','윤태우',NULL,'KAKAO_3344771520',183),
(19,'2024-02-15 07:05:36.632900','2024-02-15 07:05:36.632900','진성민',NULL,'KAKAO_3344915259',197),
(20,'2024-02-15 17:23:39.054889','2024-02-15 17:23:39.054889','사용자 닉네임',NULL,'GOOGLE_1001198298',212),
(21,'2024-02-15 18:04:30.455226','2024-02-15 18:04:30.455226','사용자 닉네임',NULL,'GOOGLE_1066064497',213),
(22,'2024-02-16 01:13:32.267393','2024-02-16 01:13:32.267393','사용자 닉네임',NULL,'GOOGLE_1135871245',227),
(23,'2024-02-16 01:14:53.070815','2024-02-16 01:14:53.070815','사용자 닉네임',NULL,'GOOGLE_1018737564',229);
/*!40000 ALTER TABLE `member` ENABLE KEYS */;
UNLOCK TABLES;

--
-- Table structure for table `placement`
--

DROP TABLE IF EXISTS `placement`;
/*!40101 SET @saved_cs_client     = @@character_set_client */;
/*!40101 SET character_set_client = utf8 */;
CREATE TABLE `placement` (
  `dtype` varchar(31) NOT NULL,
  `id` bigint(20) NOT NULL AUTO_INCREMENT,
  `created_at` datetime(6) DEFAULT NULL,
  `last_edited_at` datetime(6) DEFAULT NULL,
  `col` int(11) DEFAULT NULL,
  `row` int(11) DEFAULT NULL,
  `type` varchar(32) DEFAULT NULL,
  `tree_id` bigint(20) DEFAULT NULL,
  `record_id` bigint(20) DEFAULT NULL,
  PRIMARY KEY (`id`),
  UNIQUE KEY `UK_gllxlvi189gbr0urfrbl5u1da` (`record_id`),
  KEY `FKi1yy3ewtpmxi64cqi9a6rtkrg` (`tree_id`),
  CONSTRAINT `FKi1yy3ewtpmxi64cqi9a6rtkrg` FOREIGN KEY (`tree_id`) REFERENCES `tree` (`id`),
  CONSTRAINT `FKkodyshdwwqdbqbq8h92qcvxja` FOREIGN KEY (`record_id`) REFERENCES `record` (`id`)
) ENGINE=InnoDB AUTO_INCREMENT=502 DEFAULT CHARSET=utf8mb4 COLLATE=utf8mb4_general_ci;
/*!40101 SET character_set_client = @saved_cs_client */;

--
-- Dumping data for table `placement`
--

LOCK TABLES `placement` WRITE;
/*!40000 ALTER TABLE `placement` DISABLE KEYS */;
INSERT INTO `placement` VALUES
('F',1,'2024-02-13 02:21:12.803062','2024-02-13 02:21:12.803062',206,269,NULL,5,4),
('F',3,'2024-02-13 06:30:05.525022','2024-02-13 06:30:05.525022',118,214,NULL,1,1),
('F',15,'2024-02-13 06:41:40.544437','2024-02-13 06:41:40.544437',83,84,NULL,2,2),
('F',16,'2024-02-13 06:41:40.547588','2024-02-13 06:41:40.547588',381,354,NULL,2,3),
('F',17,'2024-02-13 15:40:11.931376','2024-02-13 15:40:11.931376',57,356,NULL,8,6),
('F',18,'2024-02-13 15:40:11.934867','2024-02-13 15:40:11.934867',230,134,NULL,8,7),
('F',19,'2024-02-13 15:40:11.936936','2024-02-13 15:40:11.936936',218,282,NULL,8,10),
('F',47,'2024-02-14 08:36:04.512687','2024-02-14 08:36:04.512687',218,261,NULL,32,171),
('F',53,'2024-02-14 15:14:10.803339','2024-02-14 15:14:10.803339',228,417,NULL,35,177),
('F',103,'2024-02-15 05:11:14.822890','2024-02-15 05:11:14.822890',167,490,NULL,34,199),
('F',165,'2024-02-15 06:34:24.271671','2024-02-15 06:34:24.271671',385,128,NULL,39,200),
('F',166,'2024-02-15 06:34:24.272933','2024-02-15 06:34:24.272933',264,235,NULL,39,203),
('F',167,'2024-02-15 06:34:24.273905','2024-02-15 06:34:24.273905',73,350,NULL,39,202),
('F',344,'2024-02-15 07:22:22.424071','2024-02-15 07:22:22.424071',135,286,NULL,36,209),
('F',345,'2024-02-15 07:22:56.030911','2024-02-15 07:22:56.030911',238,329,NULL,13,8),
('F',346,'2024-02-15 07:22:56.032672','2024-02-15 07:22:56.032672',135,250,NULL,13,9),
('F',347,'2024-02-15 07:22:56.035487','2024-02-15 07:22:56.035487',126,333,NULL,13,95),
('F',348,'2024-02-15 07:22:56.036857','2024-02-15 07:22:56.036857',182,245,NULL,13,96),
('F',373,'2024-02-15 08:32:08.756022','2024-02-15 08:32:08.756022',85,160,NULL,28,162),
('F',374,'2024-02-15 08:41:03.837305','2024-02-15 08:41:03.837305',81,331,NULL,29,148),
('F',375,'2024-02-15 08:41:03.840097','2024-02-15 08:41:03.840097',114,126,NULL,29,149),
('F',416,'2024-02-15 14:48:47.095409','2024-02-15 14:48:47.095409',142,237,NULL,37,189),
('F',417,'2024-02-15 14:48:47.096252','2024-02-15 14:48:47.096252',266,365,NULL,37,186),
('F',418,'2024-02-15 14:48:47.096836','2024-02-15 14:48:47.096836',233,193,NULL,37,188),
('F',419,'2024-02-15 14:48:47.097446','2024-02-15 14:48:47.097446',117,359,NULL,37,190),
('F',420,'2024-02-15 14:48:47.098073','2024-02-15 14:48:47.098073',60,190,NULL,37,187),
('F',421,'2024-02-15 14:48:47.098717','2024-02-15 14:48:47.098717',425,30,NULL,37,191),
('F',422,'2024-02-15 14:48:47.099321','2024-02-15 14:48:47.099321',198,338,NULL,37,193),
('F',423,'2024-02-15 14:48:47.099954','2024-02-15 14:48:47.099954',210,88,NULL,37,194),
('F',424,'2024-02-15 14:48:47.100567','2024-02-15 14:48:47.100567',56,336,NULL,37,196),
('F',425,'2024-02-15 14:48:47.101166','2024-02-15 14:48:47.101166',186,415,NULL,37,192),
('F',426,'2024-02-15 14:48:47.101798','2024-02-15 14:48:47.101798',105,312,NULL,37,195),
('F',427,'2024-02-15 14:48:47.102401','2024-02-15 14:48:47.102401',137,155,NULL,37,212),
('F',428,'2024-02-15 14:48:47.103031','2024-02-15 14:48:47.103031',16,273,NULL,37,213),
('F',429,'2024-02-15 14:48:47.103634','2024-02-15 14:48:47.103634',212,273,NULL,37,211),
('F',488,'2024-02-16 01:08:03.187691','2024-02-16 01:08:03.187691',142,263,NULL,26,143),
('F',489,'2024-02-16 01:08:03.188828','2024-02-16 01:08:03.188828',263,271,NULL,26,134),
('F',490,'2024-02-16 01:08:03.189634','2024-02-16 01:08:03.189634',64,219,NULL,26,135),
('F',491,'2024-02-16 01:08:03.190410','2024-02-16 01:08:03.190410',216,320,NULL,26,164),
('F',492,'2024-02-16 01:08:03.191144','2024-02-16 01:08:03.191144',144,149,NULL,26,166),
('F',493,'2024-02-16 01:08:03.191913','2024-02-16 01:08:03.191913',70,352,NULL,26,136),
('F',494,'2024-02-16 01:08:03.192730','2024-02-16 01:08:03.192730',208,120,NULL,26,140),
('F',495,'2024-02-16 01:08:03.193535','2024-02-16 01:08:03.193535',175,373,NULL,26,137),
('F',496,'2024-02-16 01:08:03.194311','2024-02-16 01:08:03.194311',106,178,NULL,26,158),
('F',497,'2024-02-16 01:08:03.195059','2024-02-16 01:08:03.195059',255,422,NULL,26,181),
('F',498,'2024-02-16 01:08:03.195790','2024-02-16 01:08:03.195790',138,445,NULL,26,147),
('F',499,'2024-02-16 01:08:03.196569','2024-02-16 01:08:03.196569',253,176,NULL,26,217),
('F',500,'2024-02-16 01:08:03.197928','2024-02-16 01:08:03.197928',40,289,NULL,26,221),
('F',501,'2024-02-16 01:08:03.199185','2024-02-16 01:08:03.199185',127,309,NULL,26,219);
/*!40000 ALTER TABLE `placement` ENABLE KEYS */;
UNLOCK TABLES;

--
-- Table structure for table `record`
--

DROP TABLE IF EXISTS `record`;
/*!40101 SET @saved_cs_client     = @@character_set_client */;
/*!40101 SET character_set_client = utf8 */;
CREATE TABLE `record` (
  `dtype` char(1) NOT NULL,
  `id` bigint(20) NOT NULL AUTO_INCREMENT,
  `created_at` datetime(6) DEFAULT NULL,
  `last_edited_at` datetime(6) DEFAULT NULL,
  `content` text DEFAULT NULL,
  `title` varchar(255) DEFAULT NULL,
  `type` varchar(32) DEFAULT NULL,
  `author_id` bigint(20) DEFAULT NULL,
  `sprint_id` bigint(20) DEFAULT NULL,
  PRIMARY KEY (`id`),
  KEY `FKp6nets88dwbl7vp96bgt8ern1` (`author_id`),
  KEY `FKdrr1kp8lblduxnx7upm1bjef0` (`sprint_id`),
  CONSTRAINT `FKdrr1kp8lblduxnx7upm1bjef0` FOREIGN KEY (`sprint_id`) REFERENCES `sprint` (`id`),
  CONSTRAINT `FKp6nets88dwbl7vp96bgt8ern1` FOREIGN KEY (`author_id`) REFERENCES `member` (`id`)
) ENGINE=InnoDB AUTO_INCREMENT=223 DEFAULT CHARSET=utf8mb4 COLLATE=utf8mb4_general_ci;
/*!40101 SET character_set_client = @saved_cs_client */;

--
-- Dumping data for table `record`
--

LOCK TABLES `record` WRITE;
/*!40000 ALTER TABLE `record` DISABLE KEYS */;
INSERT INTO `record` VALUES
('-',1,'2024-02-09 06:34:31.305198','2024-02-09 06:34:31.305198',NULL,'gd','EVENT',1,1),
('-',2,'2024-02-13 02:03:27.751862','2024-02-13 02:03:27.751862','asdfasdfasd','asdfasdf','DAILY',2,2),
('-',3,'2024-02-13 02:04:09.393246','2024-02-13 02:04:09.393246','ㅁ','ㄴㅇㄹ','DAILY',2,2),
('-',4,'2024-02-13 02:20:55.808563','2024-02-13 02:20:55.808563','123','123','DAILY',8,5),
('C',5,'2024-02-13 02:20:59.214872','2024-02-13 02:20:59.214872','123','123','CHALLENGE',8,5),
('-',6,'2024-02-13 06:29:29.536086','2024-02-13 06:29:29.536086','처음 만난 사람들도 안녕하세요 huh~ huh uhuh~','안녕하세요','DAILY',10,8),
('-',7,'2024-02-13 06:31:25.265658','2024-02-13 06:31:25.265658',NULL,'이벤트11','EVENT',10,8),
('-',8,'2024-02-13 07:05:40.652159','2024-02-13 07:05:40.652159',NULL,'이미지 테스트','EVENT',8,13),
('-',9,'2024-02-13 08:36:44.055055','2024-02-13 08:36:44.055055',NULL,'123123','EVENT',8,13),
('-',10,'2024-02-13 13:23:20.548752','2024-02-13 13:23:20.548752',NULL,'11','EVENT',10,8),
('-',61,'2023-12-03 00:00:00.000000',NULL,'content1','title1','DAILY',10,21),
('-',62,'2023-12-03 00:00:00.000000',NULL,'content2','title2','DAILY',10,21),
('-',63,'2023-12-03 00:00:00.000000',NULL,'content3','title3','DAILY',10,21),
('-',64,'2023-12-03 00:00:00.000000',NULL,'content4','title4','DAILY',10,21),
('-',65,'2023-12-03 00:00:00.000000',NULL,'content5','title5','DAILY',10,21),
('-',66,'2023-12-03 00:00:00.000000',NULL,'content6','title6','DAILY',10,21),
('-',67,'2023-12-03 00:00:00.000000',NULL,'content7','title7','DAILY',10,21),
('-',68,'2023-12-03 00:00:00.000000',NULL,'content8','title8','DAILY',10,21),
('-',69,'2023-12-03 00:00:00.000000',NULL,'content9','title9','DAILY',10,21),
('-',70,'2023-12-03 00:00:00.000000',NULL,'content10','title10','DAILY',10,21),
('-',71,'2023-12-03 00:00:00.000000',NULL,'content11','title11','DAILY',10,21),
('-',72,'2023-12-03 00:00:00.000000',NULL,'content12','title12','DAILY',10,21),
('-',73,'2023-12-03 00:00:00.000000',NULL,'content13','title13','DAILY',10,21),
('-',74,'2023-12-03 00:00:00.000000',NULL,'content14','title14','DAILY',10,21),
('-',75,'2023-12-03 00:00:00.000000',NULL,'content15','title15','DAILY',10,21),
('-',76,'2023-12-03 00:00:00.000000',NULL,'content16','title16','DAILY',10,21),
('-',77,'2023-12-03 00:00:00.000000',NULL,'content17','title17','DAILY',10,21),
('-',78,'2023-12-03 00:00:00.000000',NULL,'content18','title18','DAILY',10,21),
('-',79,'2023-12-03 00:00:00.000000',NULL,'content19','title19','DAILY',10,21),
('-',80,'2023-12-03 00:00:00.000000',NULL,'content20','title20','DAILY',10,21),
('-',81,'2023-12-03 00:00:00.000000',NULL,'content21','title21','DAILY',10,21),
('-',82,'2023-12-03 00:00:00.000000',NULL,'content22','title22','DAILY',10,21),
('-',83,'2023-12-03 00:00:00.000000',NULL,'content23','title23','DAILY',10,21),
('-',84,'2023-12-03 00:00:00.000000',NULL,'content24','title24','DAILY',10,21),
('-',85,'2023-12-03 00:00:00.000000',NULL,'content25','title25','DAILY',10,21),
('-',86,'2024-02-13 15:38:24.745694','2024-02-13 15:38:24.745694',NULL,'2','EVENT',10,8),
('-',87,'2024-02-13 15:38:42.790339','2024-02-13 15:38:42.790339',NULL,'33','EVENT',10,8),
('-',88,'2024-02-13 15:39:22.083786','2024-02-13 15:39:22.083786',NULL,'333','EVENT',10,8),
('-',89,'2024-02-13 15:39:42.430563','2024-02-13 15:39:42.430563',NULL,'33','EVENT',10,8),
('-',90,'2024-02-13 15:42:07.456200','2024-02-13 15:42:07.456200',NULL,'33','EVENT',10,8),
('-',91,'2024-02-13 15:50:32.841022','2024-02-13 15:50:32.841022',NULL,'분명 사진이 떴다니까?','EVENT',10,25),
('-',92,'2024-02-13 15:50:57.982852','2024-02-13 15:50:57.982852',NULL,'지금은 또 뜬다 나중에 안뜨겠지','EVENT',10,25),
('-',93,'2024-02-13 15:52:14.794907','2024-02-13 15:52:14.794907',NULL,'지켜볼거야','EVENT',10,25),
('C',94,'2024-02-13 23:54:57.415064','2024-02-13 23:54:57.415064','123','123','CHALLENGE',10,25),
('-',95,'2024-02-13 23:57:29.478494','2024-02-13 23:57:29.478494',NULL,'올라가라','EVENT',8,13),
('-',96,'2024-02-14 00:21:28.911269','2024-02-14 00:21:28.911269',NULL,'이미지 테스트','EVENT',8,13),
('-',97,'2023-12-03 00:00:00.000000',NULL,'content1','title1','DAILY',5,31),
('-',98,'2023-12-03 00:00:00.000000',NULL,'content2','title2','DAILY',5,31),
('-',99,'2023-12-03 00:00:00.000000',NULL,'content3','title3','DAILY',5,31),
('-',100,'2023-12-03 00:00:00.000000',NULL,'content4','title4','DAILY',5,31),
('-',101,'2023-12-03 00:00:00.000000',NULL,'content5','title5','DAILY',5,31),
('-',102,'2023-12-03 00:00:00.000000',NULL,'content6','title6','DAILY',5,31),
('-',103,'2023-12-03 00:00:00.000000',NULL,'content7','title7','DAILY',5,31),
('-',104,'2023-12-03 00:00:00.000000',NULL,'content8','title8','DAILY',5,31),
('-',105,'2023-12-03 00:00:00.000000',NULL,'content9','title9','DAILY',5,31),
('-',106,'2023-12-03 00:00:00.000000',NULL,'content5','title5','DAILY',5,31),
('-',107,'2023-12-03 00:00:00.000000',NULL,'content11','title11','DAILY',5,31),
('-',108,'2023-12-03 00:00:00.000000',NULL,'content12','title12','DAILY',5,31),
('-',109,'2023-12-03 00:00:00.000000',NULL,'content13','title13','DAILY',5,31),
('-',110,'2023-12-03 00:00:00.000000',NULL,'content14','title14','DAILY',5,31),
('-',111,'2023-12-03 00:00:00.000000',NULL,'content15','title15','DAILY',5,31),
('-',112,'2023-12-03 00:00:00.000000',NULL,'content16','title16','DAILY',5,31),
('-',113,'2023-12-03 00:00:00.000000',NULL,'content17','title17','DAILY',5,31),
('-',114,'2023-12-03 00:00:00.000000',NULL,'content18','title18','DAILY',5,31),
('-',115,'2023-12-03 00:00:00.000000',NULL,'content19','title19','DAILY',5,31),
('-',116,'2023-12-03 00:00:00.000000',NULL,'content20','title20','DAILY',5,31),
('-',117,'2023-12-03 00:00:00.000000',NULL,'content31','저녁메뉴 추천좀','DAILY',5,31),
('-',118,'2023-12-03 00:00:00.000000',NULL,'content22','나 오늘 집에 안갈래','DAILY',5,31),
('-',119,'2023-12-03 00:00:00.000000',NULL,'content23','다음 여행지는 어디로?','DAILY',5,31),
('-',120,'2023-12-03 00:00:00.000000',NULL,'content24','성적표 아직 안날라왔다니까요?','DAILY',5,31),
('-',121,'2023-12-03 00:00:00.000000',NULL,'content25','프렌치 파리스','DAILY',5,31),
('-',122,'2024-02-14 00:29:56.598362','2024-02-14 00:29:56.598362',NULL,'hihi','EVENT',2,16),
('-',123,'2024-02-14 00:30:20.690647','2024-02-14 00:30:20.690647',NULL,'asdf','EVENT',2,16),
('-',134,'2024-02-03 00:00:00.000000',NULL,'DAILY_content1','DAILY_title1','DAILY',5,27),
('-',135,'2024-02-03 00:00:00.000000',NULL,'DAILY_content2','DAILY_title2','DAILY',5,27),
('-',136,'2024-02-03 00:00:00.000000',NULL,'DAILY_content3','DAILY_title3','DAILY',5,27),
('-',137,'2024-02-03 00:00:00.000000',NULL,'DAILY_content4','DAILY_title4','DAILY',5,27),
('-',138,'2024-02-03 00:00:00.000000',NULL,'DAILY_content5','DAILY_title5','DAILY',5,27),
('-',139,'2024-02-03 00:00:00.000000',NULL,'DAILY_content6','DAILY_title6','DAILY',5,27),
('-',140,'2024-02-03 00:00:00.000000',NULL,'DAILY_content7','DAILY_title7','DAILY',5,27),
('-',141,'2024-02-03 00:00:00.000000',NULL,'DAILY_content8','DAILY_title8','DAILY',5,27),
('-',142,'2024-02-03 00:00:00.000000',NULL,'DAILY_content9','DAILY_title9','DAILY',5,27),
('-',143,'2024-02-03 00:00:00.000000',NULL,'DAILY_content10','DAILY_title10','DAILY',5,27),
('-',144,'2024-02-14 01:49:08.586149','2024-02-14 01:49:08.586149',NULL,'사진올라가냐','EVENT',8,33),
('-',145,'2024-02-14 01:49:52.961580','2024-02-14 01:49:52.961580',NULL,'올라간다','EVENT',8,33),
('-',146,'2024-02-14 01:49:53.533275','2024-02-14 01:49:53.533275',NULL,'올라간다','EVENT',8,33),
('-',147,'2024-02-14 01:51:02.830619','2024-02-14 01:51:02.830619',NULL,'EVENT_title1','EVENT',10,27),
('-',148,'2024-02-14 01:52:09.870158','2024-02-14 01:52:09.870158','라이언 춘식 일상','일상입니다','DAILY',9,34),
('-',149,'2024-02-14 01:52:26.695996','2024-02-14 01:52:26.695996',NULL,'춘식이와 함께~~','EVENT',9,34),
('-',150,'2024-02-14 01:54:08.289388','2024-02-14 01:54:08.289388','123','123','DAILY',8,33),
('C',151,'2024-02-14 01:54:11.370488','2024-02-14 01:54:27.585773','ㅂㅂ','ㅂㅂ','CHALLENGE',8,33),
('C',152,'2024-02-14 01:54:16.368337','2024-02-14 01:54:24.914505','ㅋㅋ','ㅋㅋ','CHALLENGE',8,33),
('C',153,'2024-02-14 01:54:18.760991','2024-02-14 01:54:18.760991','운동 하자 !','매일 30분씩 운동하기','CHALLENGE',9,34),
('C',154,'2024-02-14 01:54:25.567274','2024-02-14 01:54:51.965795','ㅁㄴㅇ','ㅁㄴㅇ','CHALLENGE',9,34),
('-',155,'2024-02-14 01:59:27.228650','2024-02-14 01:59:27.228650',NULL,'111','EVENT',8,33),
('-',156,'2024-02-14 01:59:27.927416','2024-02-14 01:59:27.927416',NULL,'111','EVENT',8,33),
('C',157,'2024-02-08 00:00:00.000000',NULL,'challenge_content1','challenge_title','CHALLENGE',NULL,NULL),
('-',158,'2024-02-14 02:47:32.882949','2024-02-14 02:47:32.882949',NULL,'ㅎㅇ','EVENT',10,27),
('-',159,'2024-02-14 03:06:47.390408','2024-02-14 03:06:47.390408','ㅎㅎ','ㅎㅎ','DAILY',9,34),
('C',160,'2024-02-14 03:06:50.735426','2024-02-14 03:06:53.435836','ㅋㅋ','ㅋㅋ','CHALLENGE',9,34),
('-',161,'2024-02-14 03:15:20.190337','2024-02-14 03:15:20.190337',NULL,'이미지 초과','EVENT',8,33),
('-',162,'2024-02-14 03:16:04.810578','2024-02-14 03:16:04.810578',NULL,'초과초과','EVENT',8,33),
('C',164,'2024-02-08 00:00:00.000000','2024-02-14 05:29:10.950976','challenge_content1','challenge_title1','CHALLENGE',5,27),
('C',166,'2024-02-14 05:43:25.617865','2024-02-15 02:08:30.146171','산책하면서 움직입시다','매일 산책','CHALLENGE',10,27),
('C',170,'2024-02-14 06:08:37.982120','2024-02-14 06:08:37.982120','매일매일 운동하기','운동하기 챌린지','CHALLENGE',9,37),
('-',171,'2024-02-14 06:10:33.278278','2024-02-14 06:10:33.278278',NULL,'놀러간 날','EVENT',9,37),
('-',172,'2024-02-14 08:37:16.493555','2024-02-14 08:37:16.493555','ㄻㅇㄴ','ㄹㅇㄴㅁ','DAILY',9,37),
('-',173,'2024-02-14 08:37:19.222963','2024-02-14 08:37:19.222963','ㄹㅇㄴㅁ','ㄹㄴㅇㅁ','DAILY',9,37),
('-',174,'2024-02-14 08:37:21.690488','2024-02-14 08:37:21.690488','ㄹㅇㄴ','ㄹㅇㄴㅁ','DAILY',9,37),
('-',176,'2024-02-14 08:37:30.728202','2024-02-14 08:37:30.728202','ㅇㄴㄹ','ㄹㅇㄴ','DAILY',9,37),
('-',177,'2024-02-14 15:12:56.207856','2024-02-14 15:12:56.207856','ㅅㄷㄴㅅ','일상 테스트1','DAILY',5,40),
('-',178,'2024-02-14 15:13:14.422093','2024-02-14 15:13:14.422093',NULL,'이벤트 테스트','EVENT',5,40),
('C',179,'2024-02-14 15:13:36.625718','2024-02-14 15:13:36.625718','ㅅㄷㄴㅅ','ㅅㄷㄴㅅ','CHALLENGE',5,40),
('C',180,'2024-02-15 02:10:34.119395','2024-02-15 02:10:34.119395','책은 마음의 양식입니다.','매일 책읽기','CHALLENGE',10,27),
('-',181,'2024-02-15 02:18:30.443012','2024-02-15 02:18:30.443012','일상 글을 쓰고 공유할 수 있어요!!','일상 글쓰기','DAILY',5,27),
('C',182,'2024-02-15 02:18:45.519319','2024-02-15 02:18:45.519319','매일매일 챌린지 도전을 해보세요!','챌린지','CHALLENGE',5,27),
('-',183,'2024-02-15 03:29:41.818132','2024-02-15 03:29:41.818132','일상을 공유하세요','일상 글쓰기','DAILY',5,4),
('C',184,'2024-02-15 03:30:06.252628','2024-02-15 03:30:06.252628','매일매일 도전과제를 설정하세요','챌린지','CHALLENGE',5,4),
('-',185,'2024-02-15 03:30:23.555835','2024-02-15 03:30:23.555835',NULL,'이벤트 글쓰기','EVENT',5,4),
('-',186,'2024-02-15 03:47:27.180908','2024-02-15 03:47:27.180908',NULL,'ㅇㅇㅇㅇ','EVENT',16,42),
('C',187,'2024-02-15 03:47:36.039251','2024-02-15 05:01:57.803528','ㅇㅇㅇ','ㅇㅇㅇㅇ','CHALLENGE',16,42),
('-',188,'2024-02-15 03:47:45.763380','2024-02-15 03:47:45.763380',NULL,'ㅇㅇㅇ','EVENT',16,42),
('-',189,'2024-02-15 05:01:06.649618','2024-02-15 05:01:06.649618',NULL,'dfdf','EVENT',16,42),
('C',190,'2024-02-15 05:01:22.336641','2024-02-15 05:01:31.422417','dfadfd','dfad','CHALLENGE',16,42),
('-',191,'2024-02-15 05:04:29.314134','2024-02-15 05:04:29.314134','ㅁㄴㅇㄻㅇㄹ','ㅇㅁㄹㅇㄴ','DAILY',16,42),
('C',192,'2024-02-15 05:05:11.960677','2024-02-15 05:05:38.744807','ㄹㅇㄹㅇㄴㄹㅇ','ㅁㅇㄻ','CHALLENGE',16,42),
('C',193,'2024-02-15 05:05:16.382600','2024-02-15 05:05:36.267939','ㅇㄹㅇ','ㅇㄹㅇ','CHALLENGE',16,42),
('C',194,'2024-02-15 05:05:20.397632','2024-02-15 05:05:33.812410','ㄹㅇㄹㅇㄹ','ㅇㄹㅇ','CHALLENGE',16,42),
('C',195,'2024-02-15 05:05:23.783663','2024-02-15 07:52:18.812832','ㄹㅇㄹㅇㄹㅇ','ㄹㅇㄹㅇ','CHALLENGE',16,42),
('C',196,'2024-02-15 05:05:27.324018','2024-02-15 05:05:45.767716','ㅇㄴㄻㅇㄹㅇㄹ','ㅇㄹㄴㄹㅇㄴ','CHALLENGE',16,42),
('C',197,'2024-02-15 05:09:49.728083','2024-02-15 05:09:56.235336','dv','dv','CHALLENGE',9,43),
('C',198,'2024-02-15 05:09:52.908999','2024-02-15 05:09:52.908999','vd','vd','CHALLENGE',9,43),
('-',199,'2024-02-15 05:10:44.694202','2024-02-15 05:10:44.694202','안녕하세용','111111','DAILY',11,39),
('-',200,'2024-02-15 05:34:49.534360','2024-02-15 05:34:49.534360','저는 목살필라프','밥 뭐먹었나요','DAILY',9,44),
('-',201,'2024-02-15 05:35:01.484895','2024-02-15 05:35:01.484895','칼국수 먹음?','칼국수 맛있던데','DAILY',17,44),
('-',202,'2024-02-15 05:35:08.114604','2024-02-15 05:35:08.114604',NULL,'ㅋㅋ','EVENT',17,44),
('-',203,'2024-02-15 05:35:18.854451','2024-02-15 05:35:18.854451',NULL,'춘식이보세요','EVENT',9,44),
('-',204,'2024-02-15 05:36:12.320830','2024-02-15 05:36:12.320830',NULL,'춘','EVENT',9,44),
('-',205,'2024-02-15 05:42:39.959572','2024-02-15 05:42:39.959572','12341234\n','도배 마구마구','DAILY',18,44),
('-',206,'2024-02-15 06:31:38.366373','2024-02-15 06:31:38.366373',NULL,'ㅎㅇㅎㅇ','EVENT',1,45),
('C',208,'2024-02-15 06:32:16.543452','2024-02-15 06:32:22.466811','ㅋㅋ','ㅋㅋ','CHALLENGE',9,44),
('C',209,'2024-02-15 06:32:27.700022','2024-02-15 06:32:32.689794','123','123','CHALLENGE',8,41),
('-',210,'2024-02-15 06:34:28.808521','2024-02-15 06:34:28.808521',NULL,'ㅇㅇㅇ','EVENT',1,45),
('C',211,'2024-02-15 07:52:27.260147','2024-02-15 07:52:41.317220','ㅇㄻㄹ','ㄻㅁㄹ','CHALLENGE',16,42),
('C',212,'2024-02-15 07:52:31.100600','2024-02-15 07:52:53.803617','ㄹㅇㅁㅇㄻ','ㅁㅇㄻㅇ','CHALLENGE',16,42),
('C',213,'2024-02-15 07:52:34.628307','2024-02-15 07:52:51.317294','ㅇㄹㅇㄹ','ㅁㄻㅇㄹ','CHALLENGE',16,42),
('-',214,'2023-12-02 00:00:00.000000',NULL,NULL,'에펠탑 한입','EVENT',5,31),
('-',215,'2024-01-02 00:00:00.000000',NULL,NULL,'1월 아르헨티나','EVENT',5,32),
('-',216,'2024-01-02 00:00:00.000000',NULL,NULL,'1월 스페인','EVENT',5,32),
('-',217,'2024-02-16 00:05:14.683780','2024-02-16 00:05:14.683780',NULL,'춘식이랑','EVENT',9,27),
('-',218,'2024-02-16 00:22:38.767747','2024-02-16 00:22:38.767747','1 꼬막비빔밥\n2 해물볶음우동\n3 반반철판불고기덮밥','오늘 점심 뭐먹지','DAILY',9,27),
('-',219,'2024-02-16 00:25:17.546055','2024-02-16 00:25:17.546055',NULL,'라이언','EVENT',9,27),
('-',220,'2024-02-16 00:33:42.396971','2024-02-16 00:33:42.396971',NULL,'고심이하고~~','EVENT',9,27),
('-',221,'2024-02-16 01:06:48.538747','2024-02-16 01:06:48.538747','일상','일상입니다','DAILY',5,27),
('C',222,'2024-02-16 01:07:00.473308','2024-02-16 01:07:00.473308','챌린지','챌린지입니다','CHALLENGE',5,27);
/*!40000 ALTER TABLE `record` ENABLE KEYS */;
UNLOCK TABLES;

--
-- Table structure for table `sprint`
--

DROP TABLE IF EXISTS `sprint`;
/*!40101 SET @saved_cs_client     = @@character_set_client */;
/*!40101 SET character_set_client = utf8 */;
CREATE TABLE `sprint` (
  `id` bigint(20) NOT NULL AUTO_INCREMENT,
  `created_at` datetime(6) DEFAULT NULL,
  `last_edited_at` datetime(6) DEFAULT NULL,
  `end_date` date DEFAULT NULL,
  `start_date` date DEFAULT NULL,
  `is_harvested` tinyint(1) DEFAULT NULL,
  `family_id` bigint(20) DEFAULT NULL,
  PRIMARY KEY (`id`),
  KEY `FKbyn1cexee61ytx1syqqksyt6l` (`family_id`),
  CONSTRAINT `FKbyn1cexee61ytx1syqqksyt6l` FOREIGN KEY (`family_id`) REFERENCES `family` (`id`)
) ENGINE=InnoDB AUTO_INCREMENT=48 DEFAULT CHARSET=utf8mb4 COLLATE=utf8mb4_general_ci;
/*!40101 SET character_set_client = @saved_cs_client */;

--
-- Dumping data for table `sprint`
--

LOCK TABLES `sprint` WRITE;
/*!40000 ALTER TABLE `sprint` DISABLE KEYS */;
INSERT INTO `sprint` VALUES
(1,'2024-02-09 06:33:03.590582','2024-02-09 06:33:03.634482','2024-02-29','2024-02-09',0,1),
(2,'2024-02-09 08:15:39.864125','2024-02-09 08:15:39.900853','2024-02-29','2024-02-09',0,2),
(3,'2024-02-12 14:35:19.217350','2024-02-12 14:35:19.255382','2024-02-29','2024-02-12',0,3),
(4,'2024-02-13 00:08:28.979515','2024-02-13 00:08:28.997243','2024-02-29','2024-02-13',0,4),
(5,'2024-02-13 02:20:30.150557','2024-02-13 02:20:30.178407','2024-02-29','2024-02-13',0,5),
(6,'2024-02-13 02:20:58.554601','2024-02-13 02:20:58.562809','2024-02-29','2024-02-13',0,6),
(7,'2024-02-13 02:31:10.497060','2024-02-13 02:31:10.540676','2024-02-29','2024-02-13',0,7),
(8,'2024-02-13 03:01:30.952629','2024-02-13 03:01:30.963045','2024-02-29','2024-02-13',0,8),
(9,'2024-02-13 03:03:16.233189','2024-02-13 03:03:16.240817','2024-02-29','2024-02-13',0,9),
(10,'2024-02-13 05:12:28.053443','2024-02-13 05:12:28.102051','2024-02-29','2024-02-13',0,10),
(11,'2024-02-13 05:13:46.002772','2024-02-13 05:13:46.010137','2024-02-29','2024-02-13',0,11),
(12,'2024-02-13 06:28:34.967172','2024-02-13 06:28:35.003417','2024-02-29','2024-02-13',0,12),
(13,'2024-02-13 06:30:03.985557','2024-02-13 06:30:03.998627','2024-02-29','2024-02-13',0,13),
(14,'2024-02-13 06:31:18.612559','2024-02-13 06:31:18.626235','2024-02-29','2024-02-13',0,14),
(15,'2024-02-13 06:32:16.016310','2024-02-13 06:32:16.028264','2024-02-29','2024-02-13',0,15),
(16,'2024-02-13 06:49:31.054862','2024-02-13 06:49:31.090390','2024-02-29','2024-02-13',0,16),
(17,'2024-02-13 06:52:31.441893','2024-02-13 06:52:31.456808','2024-02-29','2024-02-13',0,17),
(18,'2024-02-13 08:23:58.358529','2024-02-13 08:23:58.371024','2024-02-29','2024-02-13',0,18),
(19,'2024-02-13 13:43:27.945844','2024-02-13 13:43:27.999400','2024-02-29','2024-02-13',0,19),
(20,'2024-02-13 13:56:47.195581','2024-02-13 13:56:47.230067','2024-02-29','2024-02-13',0,20),
(21,NULL,NULL,'2024-12-31','2024-12-01',1,8),
(22,'2024-02-13 14:16:24.154465','2024-02-13 14:16:24.221358','2024-02-29','2024-02-13',0,21),
(23,'2024-02-13 14:27:30.324859','2024-02-13 14:27:30.385765','2024-02-29','2024-02-13',0,22),
(24,'2024-02-13 14:47:31.115571','2024-02-13 14:47:31.171145','2024-02-29','2024-02-13',0,23),
(25,'2024-02-13 15:48:51.013287','2024-02-13 15:48:51.024512','2024-02-29','2024-02-13',0,24),
(26,'2024-02-13 16:09:55.042121','2024-02-13 16:09:55.053948','2024-02-29','2024-02-13',0,25),
(27,'2024-02-14 00:01:37.034387','2024-02-14 00:01:37.046665','2024-02-29','2024-02-14',0,26),
(28,'2024-02-14 00:02:16.541273','2024-02-14 00:02:16.549262','2024-02-29','2024-02-14',0,27),
(31,'2023-12-01 00:00:00.000000',NULL,'2023-12-31','2023-12-01',1,26),
(32,'2024-01-01 00:00:00.000000',NULL,'2024-01-31','2024-01-01',1,26),
(33,'2024-02-14 01:48:51.332694','2024-02-14 01:48:51.368007','2024-02-29','2024-02-14',0,28),
(34,'2024-02-14 01:51:27.642926','2024-02-14 01:51:27.654912','2024-02-29','2024-02-14',0,29),
(35,'2024-02-14 03:04:18.926279','2024-02-14 03:04:18.952646','2024-02-29','2024-02-14',0,30),
(36,'2024-02-14 05:29:16.523991','2024-02-14 05:29:16.548490','2024-02-29','2024-02-14',0,31),
(37,'2024-02-14 06:05:52.846084','2024-02-14 06:05:52.882155','2024-02-29','2024-02-14',0,32),
(38,'2024-02-14 08:12:13.283563','2024-02-14 08:12:13.317046','2024-02-29','2024-02-14',0,33),
(39,'2024-02-14 08:25:58.308108','2024-02-14 08:25:58.317546','2024-02-29','2024-02-14',0,34),
(40,'2024-02-14 15:12:17.720802','2024-02-14 15:12:17.733630','2024-02-29','2024-02-14',0,35),
(41,'2024-02-15 01:55:12.648661','2024-02-15 01:55:12.681362','2024-02-29','2024-02-15',0,36),
(42,'2024-02-15 03:46:28.233137','2024-02-15 03:46:28.257776','2024-02-29','2024-02-15',0,37),
(43,'2024-02-15 05:09:42.963460','2024-02-15 05:09:42.998399','2024-02-29','2024-02-15',0,38),
(44,'2024-02-15 05:33:27.119067','2024-02-15 05:33:27.128226','2024-02-29','2024-02-15',0,39),
(45,'2024-02-15 06:29:44.387224','2024-02-15 06:29:44.425173','2024-02-29','2024-02-15',0,40),
(46,'2024-02-15 18:06:47.193904','2024-02-15 18:06:47.205318','2024-02-29','2024-02-15',0,41),
(47,'2024-02-16 01:14:03.313050','2024-02-16 01:14:03.336582','2024-02-29','2024-02-16',0,42);
/*!40000 ALTER TABLE `sprint` ENABLE KEYS */;
UNLOCK TABLES;

--
-- Table structure for table `tree`
--

DROP TABLE IF EXISTS `tree`;
/*!40101 SET @saved_cs_client     = @@character_set_client */;
/*!40101 SET character_set_client = utf8 */;
CREATE TABLE `tree` (
  `id` bigint(20) NOT NULL,
  `created_at` datetime(6) DEFAULT NULL,
  `last_edited_at` datetime(6) DEFAULT NULL,
  `type` varchar(32) DEFAULT NULL,
  PRIMARY KEY (`id`),
  CONSTRAINT `FKki2ufibbgjgn9bemp4hvyktlc` FOREIGN KEY (`id`) REFERENCES `family` (`id`)
) ENGINE=InnoDB DEFAULT CHARSET=utf8mb4 COLLATE=utf8mb4_general_ci;
/*!40101 SET character_set_client = @saved_cs_client */;

--
-- Dumping data for table `tree`
--

LOCK TABLES `tree` WRITE;
/*!40000 ALTER TABLE `tree` DISABLE KEYS */;
INSERT INTO `tree` VALUES
(1,'2024-02-09 06:33:03.613429','2024-02-15 12:45:17.344419',NULL),
(2,'2024-02-09 08:15:39.881765','2024-02-14 05:23:25.889086',NULL),
(3,'2024-02-12 14:35:19.238493','2024-02-15 05:15:58.881255',NULL),
(4,'2024-02-13 00:08:28.988332','2024-02-15 12:58:12.508065',NULL),
(5,'2024-02-13 02:20:30.166272','2024-02-15 05:08:10.380188',NULL),
(6,'2024-02-13 02:20:58.558168','2024-02-13 07:32:16.376694',NULL),
(7,'2024-02-13 02:31:10.518096','2024-02-15 06:32:59.471426',NULL),
(8,'2024-02-13 03:01:30.956315','2024-02-16 01:01:56.947341',NULL),
(9,'2024-02-13 03:03:16.237123','2024-02-14 02:30:43.994633',NULL),
(10,'2024-02-13 05:12:28.088094','2024-02-14 11:52:29.387196',NULL),
(11,'2024-02-13 05:13:46.006433','2024-02-13 23:57:14.610588',NULL),
(12,'2024-02-13 06:28:34.981857','2024-02-13 06:29:16.695026',NULL),
(13,'2024-02-13 06:30:03.990183','2024-02-15 07:54:11.036865',NULL),
(14,'2024-02-13 06:31:18.614987','2024-02-13 06:31:18.691331',NULL),
(15,'2024-02-13 06:32:16.018690','2024-02-15 08:42:01.526790',NULL),
(16,'2024-02-13 06:49:31.069845','2024-02-16 00:15:07.112098',NULL),
(17,'2024-02-13 06:52:31.446574','2024-02-13 06:53:12.326191',NULL),
(18,'2024-02-13 08:23:58.361057','2024-02-13 08:35:16.871765',NULL),
(19,'2024-02-13 13:43:27.967963','2024-02-14 05:50:08.549174',NULL),
(20,'2024-02-13 13:56:47.211637','2024-02-13 13:56:47.324617',NULL),
(21,'2024-02-13 14:16:24.187970','2024-02-15 14:02:44.515321',NULL),
(22,'2024-02-13 14:27:30.353037','2024-02-13 14:27:30.521234',NULL),
(23,'2024-02-13 14:47:31.138368','2024-02-13 23:54:12.700149',NULL),
(24,'2024-02-13 15:48:51.016108','2024-02-16 00:59:43.412021',NULL),
(25,'2024-02-13 16:09:55.044538','2024-02-13 16:09:55.156188',NULL),
(26,'2024-02-14 00:01:37.037220','2024-02-16 01:16:01.460438',NULL),
(27,'2024-02-14 00:02:16.543876','2024-02-15 23:50:45.761228',NULL),
(28,'2024-02-14 01:48:51.348011','2024-02-15 08:35:11.460265',NULL),
(29,'2024-02-14 01:51:27.647225','2024-02-15 08:41:52.608756',NULL),
(30,'2024-02-14 03:04:18.936762','2024-02-14 03:04:19.021722',NULL),
(31,'2024-02-14 05:29:16.533335','2024-02-14 05:29:16.607383',NULL),
(32,'2024-02-14 06:05:52.862186','2024-02-15 05:09:25.456232',NULL),
(33,'2024-02-14 08:12:13.296537','2024-02-14 08:12:16.663162',NULL),
(34,'2024-02-14 08:25:58.310762','2024-02-15 14:57:25.142788',NULL),
(35,'2024-02-14 15:12:17.725483','2024-02-14 15:14:42.990761',NULL),
(36,'2024-02-15 01:55:12.662313','2024-02-15 08:31:42.916907',NULL),
(37,'2024-02-15 03:46:28.241443','2024-02-15 14:51:13.947046',NULL),
(38,'2024-02-15 05:09:42.979040','2024-02-15 05:34:11.738096',NULL),
(39,'2024-02-15 05:33:27.121671','2024-02-15 06:44:14.385150',NULL),
(40,'2024-02-15 06:29:44.402729','2024-02-15 06:29:44.589394',NULL),
(41,'2024-02-15 18:06:47.196274','2024-02-15 18:06:47.279746',NULL),
(42,'2024-02-16 01:14:03.321649','2024-02-16 01:14:59.818654',NULL);
/*!40000 ALTER TABLE `tree` ENABLE KEYS */;
UNLOCK TABLES;
/*!40103 SET TIME_ZONE=@OLD_TIME_ZONE */;

/*!40101 SET SQL_MODE=@OLD_SQL_MODE */;
/*!40014 SET FOREIGN_KEY_CHECKS=@OLD_FOREIGN_KEY_CHECKS */;
/*!40014 SET UNIQUE_CHECKS=@OLD_UNIQUE_CHECKS */;
/*!40101 SET CHARACTER_SET_CLIENT=@OLD_CHARACTER_SET_CLIENT */;
/*!40101 SET CHARACTER_SET_RESULTS=@OLD_CHARACTER_SET_RESULTS */;
/*!40101 SET COLLATION_CONNECTION=@OLD_COLLATION_CONNECTION */;
/*!40111 SET SQL_NOTES=@OLD_SQL_NOTES */;

-- Dump completed on 2024-02-16 11:36:54
